,permitnumber,worktype,permittypedescr,declared_valuation,occupancytype,city
0,ERT325841,ERECT,Erect/New Construction,1750000.0,Mixed,Mission Hill
1,ERT325841,ERECT,Erect/New Construction,1750000.0,Mixed,Mission Hill
2,ERT325841,ERECT,Erect/New Construction,1750000.0,Mixed,Mission Hill
3,ERT11971,ERECT,Erect/New Construction,585000.0,1-2FAM,West Roxbury
4,ERT301170,ERECT,Erect/New Construction,900000.0,Multi,West Roxbury
5,ERT411049,ERECT,Erect/New Construction,300000.0,1-2FAM,West Roxbury
6,ERT516480,ERECT,Erect/New Construction,3362500.0,Mixed,West Roxbury
7,ERT71993,ERECT,Erect/New Construction,336000.0,Comm,West Roxbury
8,ERT841896,ERECT,Erect/New Construction,450000.0,VacLd,West Roxbury
9,ERT117561,ERECT,Erect/New Construction,415000.0,1-3FAM,South Boston
10,ERT17021,NEWCON,Erect/New Construction,190000.0,2unit,South Boston
11,ERT18819,ERECT,Erect/New Construction,230000.0,1-3FAM,South Boston
12,ERT214362,NEWCON,Erect/New Construction,3000000.0,Multi,South Boston
13,ERT223662,ERECT,Erect/New Construction,400000.0,1-3FAM,South Boston
14,ERT268921,NEWCON,Erect/New Construction,450000.0,1-3FAM,South Boston
15,ERT277916,ERECT,Erect/New Construction,4130000.0,Other,South Boston
16,ERT279684,ERECT,Erect/New Construction,2200000.0,Comm,South Boston
17,ERT280286,NEWCON,Erect/New Construction,525000.0,1-3FAM,South Boston
18,ERT298059,INTEXT,Erect/New Construction,1000000.0,Multi,South Boston
19,ERT32818,ERECT,Erect/New Construction,1500000.0,7More,South Boston
20,ERT407030,NEWCON,Erect/New Construction,950000.0,1-4FAM,South Boston
21,ERT409645,ERECT,Erect/New Construction,482240.0,1-3FAM,South Boston
22,ERT416347,ERECT,Erect/New Construction,625000.0,Mixed,South Boston
23,ERT425837,ERECT,Erect/New Construction,600000.0,1-3FAM,South Boston
24,ERT435802,NEWCON,Erect/New Construction,450000.0,1-2FAM,South Boston
25,ERT435802,NEWCON,Erect/New Construction,450000.0,1-2FAM,South Boston
26,ERT436163,ERECT,Erect/New Construction,300000.0,1-3FAM,South Boston
27,ERT458548,ERECT,Erect/New Construction,6000000.0,Mixed,South Boston
28,ERT458548,ERECT,Erect/New Construction,6000000.0,Mixed,South Boston
29,ERT475087,ERECT,Erect/New Construction,700000.0,1-3FAM,South Boston
30,ERT490754,ERECT,Erect/New Construction,605000.0,1-2FAM,South Boston
31,ERT529147,ERECT,Erect/New Construction,1600000.0,Multi,South Boston
32,ERT529147,ERECT,Erect/New Construction,1600000.0,Multi,South Boston
33,ERT567880,ERECT,Erect/New Construction,1200000.0,Multi,South Boston
34,ERT582480,ERECT,Erect/New Construction,600000.0,VacLd,South Boston
35,ERT58598,ERECT,Erect/New Construction,300000.0,Multi,South Boston
36,ERT615883,ERECT,Erect/New Construction,1100000.0,1-2FAM,South Boston
37,ERT636547,ERECT,Erect/New Construction,1095000.0,1-2FAM,South Boston
38,ERT657820,ERECT,Erect/New Construction,1979884.0,VacLd,South Boston
39,ERT676307,ERECT,Erect/New Construction,2000000.0,Comm,South Boston
40,ERT692694,ERECT,Erect/New Construction,1200000.0,VacLd,South Boston
41,ERT70719,ERECT,Erect/New Construction,149600.0,1Unit,South Boston
42,ERT70819,ERECT,Erect/New Construction,110000.0,1-2FAM,South Boston
43,ERT775611,ERECT,Erect/New Construction,15000000.0,Comm,South Boston
44,ERT799401,ERECT,Erect/New Construction,1200000.0,1-3FAM,South Boston
45,ERT811090,ERECT,Erect/New Construction,9795000.0,Mixed,South Boston
46,ERT820376,ERECT,Erect/New Construction,1109000.0,1-2FAM,South Boston
47,ERT84701,ERECT,Erect/New Construction,400000.0,1-3FAM,South Boston
48,ERT848004,ERECT,Erect/New Construction,650000.0,1-2FAM,South Boston
49,ERT91920,NEWCON,Erect/New Construction,465000.0,1-3FAM,South Boston
50,ERT100941,ERECT,Erect/New Construction,225000.0,1-2FAM,Roslindale
51,ERT131468,ERECT,Erect/New Construction,443000.0,1-2FAM,Roslindale
52,ERT283555,NEWCON,Erect/New Construction,340000.0,1-2FAM,West Roxbury
53,ERT452036,NEWCON,Erect/New Construction,2100000.0,Multi,Roslindale
54,ERT485570,ERECT,Erect/New Construction,2500000.0,Mixed,Roslindale
55,ERT597325,ERECT,Erect/New Construction,4500000.0,Comm,Roslindale
56,ERT690059,ERECT,Erect/New Construction,1800000.0,Multi,Roslindale
57,ERT78826,ERECT,Erect/New Construction,2000000.0,Mixed,Roslindale
58,ERT111788,NEWCON,Erect/New Construction,244600.0,4unit,East Boston
59,ERT159355,ERECT,Erect/New Construction,390000.0,1-4FAM,East Boston
60,ERT159356,ERECT,Erect/New Construction,390000.0,1-4FAM,East Boston
61,ERT159357,ERECT,Erect/New Construction,390000.0,1-4FAM,East Boston
62,ERT160207,ERECT,Erect/New Construction,250000.0,1-2FAM,East Boston
63,ERT206476,ERECT,Erect/New Construction,690000.0,Multi,East Boston
64,ERT206480,ERECT,Erect/New Construction,156000.0,1-2FAM,East Boston
65,ERT320329,ERECT,Erect/New Construction,780000.0,Mixed,East Boston
66,ERT321349,NEWCON,Erect/New Construction,820000.0,Multi,East Boston
67,ERT365714,ERECT,Erect/New Construction,700000.0,1-3FAM,East Boston
68,ERT79766,EXTREN,Erect/New Construction,30000.0,Comm,East Boston
69,ERT130122,NEWCON,Erect/New Construction,48907024.0,Multi,Jamaica Plain
70,ERT441083,ERECT,Erect/New Construction,2943000.0,Multi,Mission Hill
71,ERT1059468,ERECT,Erect/New Construction,1430000.0,1-4FAM,South Boston
72,ERT112408,NEWCON,Erect/New Construction,500000.0,1-4FAM,South Boston
73,ERT18106,ERECT,Erect/New Construction,500000.0,4unit,South Boston
74,ERT18106,ERECT,Erect/New Construction,500000.0,4unit,South Boston
75,ERT184840,ERECT,Erect/New Construction,250000.0,1-2FAM,South Boston
76,ERT246700,NEWCON,Erect/New Construction,231000.0,1-2FAM,South Boston
77,ERT340531,NEWCON,Erect/New Construction,250000.0,1-2FAM,South Boston
78,ERT500382,ERECT,Erect/New Construction,800000.0,1-2FAM,South Boston
79,ERT545929,ERECT,Erect/New Construction,2000000.0,Multi,South Boston
80,ERT69927,ERECT,Erect/New Construction,1177100.0,Multi,South Boston
81,ERT1021940,ERECT,Erect/New Construction,735000.0,1-3FAM,Jamaica Plain
82,ERT103142,NEWCON,Erect/New Construction,500000.0,1-3FAM,Jamaica Plain
83,ERT237571,ERECT,Erect/New Construction,320000.0,1-2FAM,Jamaica Plain
84,ERT273992,NEWCON,Erect/New Construction,400000.0,1-3FAM,Jamaica Plain
85,ERT35403,ERECT,Erect/New Construction,300000.0,1-3FAM,Jamaica Plain
86,ERT429208,ERECT,Erect/New Construction,675000.0,Mixed,Jamaica Plain
87,ERT429208,ERECT,Erect/New Construction,675000.0,Mixed,Jamaica Plain
88,ERT543964,ERECT,Erect/New Construction,2000000.0,Multi,Jamaica Plain
89,ERT625317,ERECT,Erect/New Construction,9200000.0,Mixed,Jamaica Plain
90,ERT625980,ERECT,Erect/New Construction,500000.0,1-2FAM,Jamaica Plain
91,ERT625980,ERECT,Erect/New Construction,500000.0,1-2FAM,Jamaica Plain
92,ERT706099,ERECT,Erect/New Construction,2700000.0,Comm,Jamaica Plain
93,ERT706099,ERECT,Erect/New Construction,2700000.0,Comm,Jamaica Plain
94,ERT792403,ERECT,Erect/New Construction,1100000.0,1-2FAM,Jamaica Plain
95,ERT816331,ERECT,Erect/New Construction,600000.0,VacLd,Jamaica Plain
96,ERT839405,ERECT,Erect/New Construction,3125000.0,1-2FAM,Jamaica Plain
97,ERT1022776,ERECT,Erect/New Construction,285993935.0,Comm,Boston
98,ERT109071,ERECT,Erect/New Construction,120000.0,1-2FAM,Dorchester
99,ERT310797,NEWCON,Erect/New Construction,14529000.0,Mixed,Dorchester
100,ERT310811,ERECT,Erect/New Construction,3785000.0,Multi,Dorchester
101,ERT456798,ERECT,Erect/New Construction,500000.0,1-3FAM,Dorchester
102,ERT160454,ERECT,Erect/New Construction,300000.0,1-2FAM,Jamaica Plain
103,ERT18597,GARAGE,Erect/New Construction,10000.0,1-2FAM,Jamaica Plain
104,ERT20441,ERECT,Erect/New Construction,295000.0,1-2FAM,Jamaica Plain
105,ERT555505,NEWCON,Erect/New Construction,1000000.0,Multi,Jamaica Plain
106,ERT575318,ERECT,Erect/New Construction,500000.0,1-2FAM,Jamaica Plain
107,ERT598525,ERECT,Erect/New Construction,1250000.0,Comm,Jamaica Plain
108,ERT130701,ERECT,Erect/New Construction,1000000.0,1-7FAM,South Boston
109,ERT200904,NEWCON,Erect/New Construction,952820.0,Multi,South Boston
110,ERT219267,NEWCON,Erect/New Construction,1031120.0,Multi,South Boston
111,ERT35108,ERECT,Erect/New Construction,2000000.0,Multi,South Boston
112,ERT35108,ERECT,Erect/New Construction,2000000.0,Multi,South Boston
113,ERT562616,ERECT,Erect/New Construction,998500.0,1-4FAM,South Boston
114,ERT598464,ERECT,Erect/New Construction,600000.0,1-2FAM,South Boston
115,ERT69552,NEWCON,Erect/New Construction,1175000.0,1-4FAM,South Boston
116,ERT76584,ERECT,Erect/New Construction,500000.0,Multi,South Boston
117,ERT879717,ERECT,Erect/New Construction,975000.0,1-3FAM,South Boston
118,ERT258558,ERECT,Erect/New Construction,15000000.0,Mixed,Jamaica Plain
119,ERT260750,ERECT,Erect/New Construction,30000000.0,Mixed,Jamaica Plain
120,ERT325103,ERECT,Erect/New Construction,634375.0,1-3FAM,Jamaica Plain
121,ERT479068,ERECT,Erect/New Construction,4800000.0,Multi,Jamaica Plain
122,ERT551146,ERECT,Erect/New Construction,450000.0,1-3FAM,Jamaica Plain
123,ERT229550,NEWCON,Erect/New Construction,600000.0,Multi,Dorchester
124,ERT494140,NEWCON,Erect/New Construction,550000.0,1-3FAM,Dorchester
125,ERT568809,ERECT,Erect/New Construction,500000.0,VacLd,Dorchester
126,ERT752244,ERECT,Erect/New Construction,15999796.0,Comm,Dorchester
127,ERT808814,ERECT,Erect/New Construction,520000.0,1-3FAM,Dorchester
128,ERT140557,ERECT,Erect/New Construction,32000000.0,Mixed,Roxbury
129,ERT379510,ERECT,Erect/New Construction,30000.0,Other,Roxbury
130,ERT836145,ERECT,Erect/New Construction,52040000.0,Comm,Roxbury
131,ERT256067,ERECT,Erect/New Construction,871000.0,1-4FAM,Boston
132,ERT286960,ERECT,Erect/New Construction,2750000.0,Mixed,Boston
133,ERT384069,ERECT,Erect/New Construction,1000000.0,Multi,Boston
134,ERT207354,ERECT,Erect/New Construction,300000.0,1-3FAM,Mission Hill
135,ERT595191,ERECT,Erect/New Construction,700000.0,VacLd,Roxbury
136,ERT628645,ERECT,Erect/New Construction,22000000.0,VacLd,Roxbury
137,ERT65179,ERECT,Erect/New Construction,550000.0,1-4FAM,Roxbury
138,ERT65179,ERECT,Erect/New Construction,550000.0,1-4FAM,Roxbury
139,ERT732016,ERECT,Erect/New Construction,100000.0,VacLd,Roxbury
140,ERT793552,ERECT,Erect/New Construction,4750000.0,1-2FAM,Mission Hill
141,ERT843462,ERECT,Erect/New Construction,1454286.0,VacLd,Mission Hill
142,ERT843518,ERECT,Erect/New Construction,1210000.0,VacLd,Mission Hill
143,ERT952611,ERECT,Erect/New Construction,1493172.0,1-2FAM,Roxbury
144,ERT15647,ERECT,Erect/New Construction,300000.0,1-2FAM,Roxbury
145,ERT522984,ERECT,Erect/New Construction,600000.0,1-3FAM,Roxbury
146,ERT811753,ERECT,Erect/New Construction,786300.0,Comm,Roxbury
147,ERT203349,ERECT,Erect/New Construction,300000.0,1-2FAM,Roxbury
148,ERT342373,ERECT,Erect/New Construction,240000.0,1-2FAM,Roxbury
149,ERT429119,NEWCON,Erect/New Construction,350000.0,1-3FAM,Roxbury
150,ERT429130,NEWCON,Erect/New Construction,350000.0,1-3FAM,Roxbury
151,ERT534432,ERECT,Erect/New Construction,240000.0,1-2FAM,Roxbury
152,ERT534436,ERECT,Erect/New Construction,280000.0,1-2FAM,Roxbury
153,ERT554778,ERECT,Erect/New Construction,261300.0,1-2FAM,Roxbury
154,ERT692595,ERECT,Erect/New Construction,360000.0,VacLd,Roxbury
155,ERT798621,ERECT,Erect/New Construction,300000.0,VacLd,Roxbury
156,ERT906290,ERECT,Erect/New Construction,508712.0,1-3FAM,Roxbury
157,ERT127007,ERECT,Erect/New Construction,395000.0,1-3FAM,South Boston
158,ERT13746,ERECT,Erect/New Construction,1200000.0,Multi,South Boston
159,ERT238386,ERECT,Erect/New Construction,1200000.0,Multi,South Boston
160,ERT241184,NEWCON,Erect/New Construction,1900000.0,Multi,South Boston
161,ERT313897,ERECT,Erect/New Construction,500000.0,1-3FAM,South Boston
162,ERT477726,ERECT,Erect/New Construction,2000000.0,Multi,South Boston
163,ERT684345,ERECT,Erect/New Construction,2000000.0,1-2FAM,South Boston
164,ERT698417,ERECT,Erect/New Construction,1100000.0,1-2FAM,South Boston
165,ERT705883,ERECT,Erect/New Construction,1800000.0,Multi,South Boston
166,ERT721452,ERECT,Erect/New Construction,990000.0,1-2FAM,South Boston
167,ERT82712,ERECT,Erect/New Construction,500000.0,Multi,South Boston
168,ERT82712,ERECT,Erect/New Construction,500000.0,Multi,South Boston
169,ERT82712,ERECT,Erect/New Construction,500000.0,Multi,South Boston
170,ERT881698,ERECT,Erect/New Construction,1824100.0,1-2FAM,South Boston
171,ERT921922,ERECT,Erect/New Construction,425000.0,1-3FAM,South Boston
172,ERT108145,NEWCON,Erect/New Construction,8000000.0,Comm,Boston
173,ERT110858,NEWCON,Erect/New Construction,1500000.0,Multi,South Boston
174,ERT110881,NEWCON,Erect/New Construction,1800000.0,Mixed,South Boston
175,ERT236651, ,Erect/New Construction,7875000.0,Mixed,South Boston
176,ERT261416,ERECT,Erect/New Construction,815000.0,Multi,South Boston
177,ERT272298,ERECT,Erect/New Construction,245000.0,1-2FAM,South Boston
178,ERT311484,ERECT,Erect/New Construction,1125000.0,Comm,South Boston
179,ERT368441,ERECT,Erect/New Construction,750000.0,Multi,South Boston
180,ERT463712,ERECT,Erect/New Construction,450000.0,1-2FAM,South Boston
181,ERT473372,NEWCON,Erect/New Construction,150000.0,1-2FAM,South Boston
182,ERT499536,NEWCON,Erect/New Construction,450000.0,1-3FAM,South Boston
183,ERT507274,ERECT,Erect/New Construction,495000.0,1-2FAM,South Boston
184,ERT50840,NEWCON,Erect/New Construction,4535000.0,Multi,South Boston
185,ERT56434,ERECT,Erect/New Construction,300000.0,1-2FAM,South Boston
186,ERT569303,ERECT,Erect/New Construction,2557000.0,Multi,South Boston
187,ERT57914,ERECT,Erect/New Construction,150000.0,1-2FAM,South Boston
188,ERT640541,ERECT,Erect/New Construction,940875.0,1-2FAM,South Boston
189,ERT656455,ERECT,Erect/New Construction,1157000.0,Comm,Boston
190,ERT689458,ERECT,Erect/New Construction,225000.0,VacLd,South Boston
191,ERT74080,ERECT,Erect/New Construction,118000000.0,Comm,Boston
192,ERT74425,ERECT,Erect/New Construction,180000.0,1-2FAM,South Boston
193,ERT79836,NEWCON,Erect/New Construction,430000.0,1-3FAM,South Boston
194,ERT83578,ERECT,Erect/New Construction,2100000.0,Mixed,South Boston
195,ERT8548,ERECT,Erect/New Construction,295000.0, ,South Boston
196,ERT216335,ERECT,Erect/New Construction,250000.0,1-2FAM,Dorchester
197,ERT275794,ERECT,Erect/New Construction,550000.0,Multi,Dorchester
198,ERT420417,ERECT,Erect/New Construction,200000.0,1-2FAM,Dorchester
199,ERT437571,ERECT,Erect/New Construction,950000.0,Multi,Dorchester
200,ERT570214,ERECT,Erect/New Construction,1400000.0,Multi,Dorchester
201,ERT646147,ERECT,Erect/New Construction,1100000.0,Multi,Dorchester
202,ERT646280,ERECT,Erect/New Construction,260000.0,1-2FAM,Dorchester
203,ERT648312,ERECT,Erect/New Construction,400000.0,1-2FAM,Dorchester
204,ERT656749,ERECT,Erect/New Construction,2050000.0,VacLd,Dorchester
205,ERT701598,ERECT,Erect/New Construction,1360000.0,VacLd,Dorchester
206,ERT701601,ERECT,Erect/New Construction,1360000.0,VacLd,Dorchester
207,ERT847658,ERECT,Erect/New Construction,900000.0,1-2FAM,Dorchester
208,ERT8519,CONVRT,Erect/New Construction,0.0, ,Dorchester
209,ERT8519,CONVRT,Erect/New Construction,0.0, ,Dorchester
210,ERT888610,ERECT,Erect/New Construction,1200000.0,Multi,Dorchester
211,ERT973146,ERECT,Erect/New Construction,1000000.0,Multi,Dorchester
212,ERT973146,ERECT,Erect/New Construction,1000000.0,Multi,Dorchester
213,ERT99288,NEWCON,Erect/New Construction,200000.0,1-2FAM,Dorchester
214,ERT189074,ERECT,Erect/New Construction,5628165.0,Multi,Boston
215,ERT1111125,COB,Erect/New Construction,7407000.0,Mixed,Roxbury
216,ERT649804,ERECT,Erect/New Construction,10000000.0,Multi,Roxbury
217,ERT684201,ERECT,Erect/New Construction,610000.0,VacLd,Roxbury
218,ERT799400,ERECT,Erect/New Construction,50000.0,Comm,Roxbury
219,ERT827458,ERECT,Erect/New Construction,750000.0,VacLd,Roxbury
220,ERT827458,ERECT,Erect/New Construction,750000.0,VacLd,Roxbury
221,ERT226908,ERECT,Erect/New Construction,1000000.0,Comm,East Boston
222,ERT258469,ERECT,Erect/New Construction,6135000.0,Comm,East Boston
223,ERT323457,ERECT,Erect/New Construction,1710000.0,Multi,East Boston
224,ERT576259,ERECT,Erect/New Construction,2250000.0,VacLd,East Boston
225,ERT579132,ERECT,Erect/New Construction,650000.0,VacLd,East Boston
226,ERT687634,ERECT,Erect/New Construction,575000.0,1-2FAM,East Boston
227,ERT765758,ERECT,Erect/New Construction,913500.0,1-3FAM,East Boston
228,ERT773880,ERECT,Erect/New Construction,350000.0,1-4FAM,East Boston
229,ERT796440,ERECT,Erect/New Construction,655000.0,1-2FAM,East Boston
230,ERT817357,ERECT,Erect/New Construction,1250000.0,Multi,East Boston
231,ERT859186,ERECT,Erect/New Construction,400000.0,1-2FAM,East Boston
232,ERT889967,ERECT,Erect/New Construction,597000.0,1-4FAM,East Boston
233,ERT896831,ERECT,Erect/New Construction,600000.0,1-3FAM,East Boston
234,ERT901186,ERECT,Erect/New Construction,500000.0,Multi,East Boston
235,ERT106151,NEWCON,Erect/New Construction,1900000.0,Multi,South Boston
236,ERT126954,ERECT,Erect/New Construction,796000.0,Multi,South Boston
237,ERT130198,ERECT,Erect/New Construction,400000.0,1-3FAM,South Boston
238,ERT144281,ERECT,Erect/New Construction,1000000.0,Multi,South Boston
239,ERT155757,ERECT,Erect/New Construction,775000.0,Mixed,South Boston
240,ERT162202,NEWCON,Erect/New Construction,900000.0,1-3FAM,South Boston
241,ERT180233,NEWCON,Erect/New Construction,1200000.0,Multi,South Boston
242,ERT237489,NEWCON,Erect/New Construction,6000000.0,Mixed,South Boston
243,ERT244719,ERECT,Erect/New Construction,1500000.0,Multi,South Boston
244,ERT249118,ERECT,Erect/New Construction,1900000.0,Multi,South Boston
245,ERT266471,ERECT,Erect/New Construction,5000000.0,Mixed,South Boston
246,ERT271306,ERECT,Erect/New Construction,850000.0,Multi,South Boston
247,ERT321802,ERECT,Erect/New Construction,930000.0,Mixed,South Boston
248,ERT343566,ERECT,Erect/New Construction,2300000.0,Comm,South Boston
249,ERT407198,ERECT,Erect/New Construction,500000.0,1-2FAM,South Boston
250,ERT409558,ERECT,Erect/New Construction,6700000.0,Mixed,South Boston
251,ERT458942,ERECT,Erect/New Construction,900000.0,Multi,South Boston
252,ERT464172,ERECT,Erect/New Construction,1795000.0,Multi,South Boston
253,ERT474095,ERECT,Erect/New Construction,400000.0,1-2FAM,South Boston
254,ERT474095,ERECT,Erect/New Construction,400000.0,1-2FAM,South Boston
255,ERT474095,ERECT,Erect/New Construction,400000.0,1-2FAM,South Boston
256,ERT521308,ERECT,Erect/New Construction,1825000.0,Mixed,South Boston
257,ERT542220,ERECT,Erect/New Construction,1200000.0,Comm,South Boston
258,ERT54879,NEWCON,Erect/New Construction,375000.0,1-3FAM,South Boston
259,ERT54912,ERECT,Erect/New Construction,495000.0,1-4FAM,South Boston
260,ERT54912,ERECT,Erect/New Construction,495000.0,1-4FAM,South Boston
261,ERT574978,ERECT,Erect/New Construction,5200000.0,Mixed,South Boston
262,ERT599612,ERECT,Erect/New Construction,1030000.0,1-2FAM,South Boston
263,ERT656810,ERECT,Erect/New Construction,600000.0,Other,South Boston
264,ERT665300,ERECT,Erect/New Construction,660000.0,1-2FAM,South Boston
265,ERT698978,ERECT,Erect/New Construction,800000.0,1-2FAM,South Boston
266,ERT700343,ERECT,Erect/New Construction,4000000.0,VacLd,South Boston
267,ERT861542,ERECT,Erect/New Construction,780000.0,1-3FAM,South Boston
268,ERT529666,ERECT,Erect/New Construction,300000.0,1-2FAM,Roslindale
269,ERT529681,ERECT,Erect/New Construction,300000.0,1-2FAM,Roslindale
270,ERT579230,ERECT,Erect/New Construction,315000.0,VacLd,Roslindale
271,ERT74802,ERECT,Erect/New Construction,255000.0,1-2FAM,Roslindale
272,ERT182825,ERECT,Erect/New Construction,325000.0,1-2FAM,South Boston
273,ERT234986,ERECT,Erect/New Construction,200000.0,1-2FAM,South Boston
274,ERT234987,ERECT,Erect/New Construction,200000.0,1-2FAM,South Boston
275,ERT548825,ERECT,Erect/New Construction,1150000.0,Multi,South Boston
276,ERT548825,ERECT,Erect/New Construction,1150000.0,Multi,South Boston
277,ERT1084070,COB,Erect/New Construction,100.0,1-2FAM,Boston
278,ERT1111243,COB,Erect/New Construction,6550000.0,Comm,Boston
279,ERT283863,ERECT,Erect/New Construction,40000000.0,Comm,Boston
280,ERT595120,ERECT,Erect/New Construction,2000000.0,Comm,Boston
281,ERT925378,ERECT,Erect/New Construction,346365236.0,Comm,Boston
282,ERT372453,NEWCON,Erect/New Construction,275000.0,1-2FAM,Chestnut Hill
283,ERT766108,ERECT,Erect/New Construction,275000.0,VacLd,Roslindale
284,ERT98520,NEWCON,Erect/New Construction,170000.0,1-2FAM,West Roxbury
285,ERT272894,ERECT,Erect/New Construction,6960000.0,Mixed,East Boston
286,ERT392125,NEWCON,Erect/New Construction,4000000.0,Multi,East Boston
287,ERT482806,ERECT,Erect/New Construction,200000.0,1-4FAM,East Boston
288,ERT514153,ERECT,Erect/New Construction,400000.0,1-3FAM,East Boston
289,ERT555054,ERECT,Erect/New Construction,3250000.0,Mixed,East Boston
290,ERT660274,ERECT,Erect/New Construction,1500000.0,Multi,East Boston
291,ERT660274,ERECT,Erect/New Construction,1500000.0,Multi,East Boston
292,ERT837335,ERECT,Erect/New Construction,11000000.0,Comm,East Boston
293,ERT305102,NEWCON,Erect/New Construction,220000.0,1-2FAM,Dorchester
294,ERT305104,NEWCON,Erect/New Construction,220000.0,1-2FAM,Dorchester
295,ERT305110,NEWCON,Erect/New Construction,220000.0,1-2FAM,Dorchester
296,ERT306078,NEWCON,Erect/New Construction,300000.0,1-2FAM,Dorchester
297,ERT306089,NEWCON,Erect/New Construction,300000.0,1-2FAM,Dorchester
298,ERT620285,ERECT,Erect/New Construction,340000.0,VacLd,Dorchester
299,ERT700694,ERECT,Erect/New Construction,500000.0,1-3FAM,Dorchester
300,ERT792958,ERECT,Erect/New Construction,450000.0,VacLd,Dorchester
301,ERT426272,NEWCON,Erect/New Construction,20500000.0,Multi,Boston
302,ERT104910,ERECT,Erect/New Construction,0.0,Multi,Dorchester
303,ERT1054463,ERECT,Erect/New Construction,375000.0,1-2FAM,Dorchester
304,ERT352941,ERECT,Erect/New Construction,600000.0,1-3FAM,Dorchester
305,ERT575315,NEWCON,Erect/New Construction,500000.0,1-3FAM,Dorchester
306,ERT610700,ERECT,Erect/New Construction,2400000.0,Mixed,Dorchester
307,ERT648601,ERECT,Erect/New Construction,450000.0,1-2FAM,Dorchester
308,ERT648601,ERECT,Erect/New Construction,450000.0,1-2FAM,Dorchester
309,ERT121610,ERECT,Erect/New Construction,400000.0,Multi,Dorchester
310,ERT263141,ERECT,Erect/New Construction,600000.0,Multi,Dorchester
311,ERT371453,ERECT,Erect/New Construction,500000.0,Multi,Dorchester
312,ERT371467,ERECT,Erect/New Construction,500000.0,Multi,Dorchester
313,ERT517663,NEWCON,Erect/New Construction,1307000.0,Multi,Dorchester
314,ERT595943,ERECT,Erect/New Construction,2250000.0,1-2FAM,Dorchester
315,ERT62012,ERECT,Erect/New Construction,377000.0,1-3FAM,Dorchester
316,ERT704584,ERECT,Erect/New Construction,23211500.0,Comm,Dorchester
317,ERT823313,CHGOCC,Erect/New Construction,450000.0,1-3FAM,Dorchester
318,ERT834672,ERECT,Erect/New Construction,675000.0,Comm,Dorchester
319,ERT866778,ERECT,Erect/New Construction,1500000.0,1-4FAM,Dorchester
320,ERT599961,ERECT,Erect/New Construction,25000000.0,VacLd,Boston
321,ERT1055995,ERECT,Erect/New Construction,620400.0,1-3FAM,Brighton
322,ERT250133,NEWCON,Erect/New Construction,14923000.0,Other,Brighton
323,ERT399728,NEWCON,Erect/New Construction,100000.0,1-2FAM,Allston
324,ERT424407,ERECT,Erect/New Construction,800000.0,Multi,Brighton
325,ERT595356,ERECT,Erect/New Construction,37375000.0,Mixed,Brighton
326,ERT692419,ERECT,Erect/New Construction,538560.0,1-2FAM,Allston
327,ERT725265,EXTREN,Erect/New Construction,1398359.0,Comm,Brighton
328,ERT745437,ERECT,Erect/New Construction,2000000.0,Comm,Brighton
329,ERT750891,ERECT,Erect/New Construction,10185000.0,1-2FAM,Brighton
330,ERT81092,ERECT,Erect/New Construction,850000.0,Comm,Brighton
331,ERT81092,ERECT,Erect/New Construction,850000.0,Comm,Brighton
332,ERT813663,ERECT,Erect/New Construction,24000000.0,Comm,Brighton
333,ERT819895,ERECT,Erect/New Construction,0.0,Other,Allston
334,ERT819924,ERECT,Erect/New Construction,44337636.0,Comm,Brighton
335,ERT819936,ERECT,Erect/New Construction,9571812.0,Comm,Brighton
336,ERT847969,ERECT,Erect/New Construction,3500000.0,VacLd,Brighton
337,ERT861667,ERECT,Erect/New Construction,550000.0,VacLd,Allston
338,ERT872422,ERECT,Erect/New Construction,10000000.0,1-3FAM,Allston
339,ERT872422,ERECT,Erect/New Construction,10000000.0,1-3FAM,Allston
340,ERT872858,ERECT,Erect/New Construction,2000000.0,Multi,Brighton
341,ERT925425,ERECT,Erect/New Construction,650000.0,1-3FAM,Brighton
342,ERT355931,ERECT,Erect/New Construction,48000000.0,Mixed,Brighton
343,ERT619401,ERECT,Erect/New Construction,75000000.0,Comm,Brighton
344,ERT113729,NEWCON,Erect/New Construction,200000.0,1-2FAM,East Boston
345,ERT221129,ERECT,Erect/New Construction,50000.0,Other,East Boston
346,ERT466112,ERECT,Erect/New Construction,200000.0,1-2FAM,East Boston
347,ERT518728,ERECT,Erect/New Construction,3300000.0,Multi,East Boston
348,ERT658839,ERECT,Erect/New Construction,1378000.0,1-2FAM,East Boston
349,ERT658839,ERECT,Erect/New Construction,1378000.0,1-2FAM,East Boston
350,ERT668277,ERECT,Erect/New Construction,2400000.0,Multi,East Boston
351,ERT675339,ERECT,Erect/New Construction,400000.0,1-2FAM,East Boston
352,ERT812199,ERECT,Erect/New Construction,1600000.0,Multi,East Boston
353,ERT840351,ERECT,Erect/New Construction,405000.0,1-2FAM,East Boston
354,ERT952949,ERECT,Erect/New Construction,1000.0,Multi,East Boston
355,ERT952949,ERECT,Erect/New Construction,1000.0,Multi,East Boston
356,ERT998795,ERECT,Erect/New Construction,49650704.0,Multi,East Boston
357,ERT72896,NEWCON,Erect/New Construction,10000000.0,Mixed,Boston
358,ERT94894,NEWCON,Erect/New Construction,12000000.0,1-7FAM,Boston
359,ERT665924,ERECT,Erect/New Construction,377007487.0,Other,Boston
360,ERT130587,ERECT,Erect/New Construction,350000.0,1-2FAM,Allston
361,ERT184348,ERECT,Erect/New Construction,15800000.0,Comm,Allston
362,ERT516022,NEWCON,Erect/New Construction,400000.0,Comm,Allston
363,ERT532396,ERECT,Erect/New Construction,7000000.0,Mixed,Allston
364,ERT790279,ERECT,Erect/New Construction,1225000.0,1-2FAM,Allston
365,ERT865318,ERECT,Erect/New Construction,4000000.0,Comm,Allston
366,ERT190828,ERECT,Erect/New Construction,242000.0,1-2FAM,West Roxbury
367,ERT21874,ERECT,Erect/New Construction,750000.0,1-7FAM,West Roxbury
368,ERT48135,ERECT,Erect/New Construction,650000.0,1-7FAM,West Roxbury
369,ERT51529,ERECT,Erect/New Construction,600000.0,1-7FAM,West Roxbury
370,ERT1065721,ERECT,Erect/New Construction,700000.0,1-4FAM,Mattapan
371,ERT64780,ERECT,Erect/New Construction,400000.0,1-4FAM,Dorchester
372,ERT10090,NEWCON,Erect/New Construction,400000.0,VacLd,Brighton
373,ERT218198,GARAGE,Erect/New Construction,22500.0,Other,Brighton
374,ERT2733,ERECT,Erect/New Construction,1099000.0,Comm,Hyde Park
375,ERT381095,NEWCON,Erect/New Construction,6700000.0,Mixed,Hyde Park
376,ERT381095,NEWCON,Erect/New Construction,6700000.0,Mixed,Hyde Park
377,ERT653971,ERECT,Erect/New Construction,650000.0,Comm,Hyde Park
378,ERT812153,ERECT,Erect/New Construction,5080600.0,1-3FAM,Hyde Park
379,ERT206292,ERECT,Erect/New Construction,229000.0,Comm,Brighton
380,ERT348916,ERECT,Erect/New Construction,400000.0,1-2FAM,Brighton
381,ERT354073,ERECT,Erect/New Construction,527700.0,1-3FAM,Brighton
382,ERT449822,ERECT,Erect/New Construction,350000.0,1-2FAM,Brighton
383,ERT705290,ERECT,Erect/New Construction,4000000.0,1-4FAM,Brighton
384,ERT959653,ERECT,Erect/New Construction,1000000.0,Multi,Brighton
385,ERT106572,NEWCON,Erect/New Construction,1500000.0,7unit,Roxbury
386,ERT123233,NEWCON,Erect/New Construction,400000.0,VacLd,South Boston
387,ERT139259,ERECT,Erect/New Construction,700000.0,Multi,South Boston
388,ERT168310,ERECT,Erect/New Construction,400000.0,1-3FAM,South Boston
389,ERT192914,ERECT,Erect/New Construction,1400000.0,Multi,South Boston
390,ERT214417,NEWCON,Erect/New Construction,1300000.0,Multi,South Boston
391,ERT216734,NEWCON,Erect/New Construction,885000.0,Multi,South Boston
392,ERT238456,ERECT,Erect/New Construction,1200000.0,Multi,South Boston
393,ERT261238,ERECT,Erect/New Construction,29508691.0,Comm,South Boston
394,ERT261238,ERECT,Erect/New Construction,29508691.0,Comm,South Boston
395,ERT298802,ERECT,Erect/New Construction,250000.0,1-2FAM,South Boston
396,ERT311095,ERECT,Erect/New Construction,7000000.0,Mixed,South Boston
397,ERT326057,ERECT,Erect/New Construction,854297.0,Multi,South Boston
398,ERT341245,ERECT,Erect/New Construction,240000.0,1-2FAM,South Boston
399,ERT344062,ERECT,Erect/New Construction,550000.0,1-3FAM,South Boston
400,ERT355607,NEWCON,Erect/New Construction,1000000.0,1-2FAM,South Boston
401,ERT355607,NEWCON,Erect/New Construction,1000000.0,1-2FAM,South Boston
402,ERT412665,NEWCON,Erect/New Construction,2600000.0,Comm,South Boston
403,ERT437439,ERECT,Erect/New Construction,1400000.0,Mixed,South Boston
404,ERT444682,ERECT,Erect/New Construction,2650000.0,Multi,South Boston
405,ERT455948,ERECT,Erect/New Construction,275000.0,1-2FAM,South Boston
406,ERT477940,ERECT,Erect/New Construction,1250000.0,Multi,South Boston
407,ERT487689,ERECT,Erect/New Construction,250000.0,1-2FAM,South Boston
408,ERT487702,ERECT,Erect/New Construction,250000.0,1-2FAM,South Boston
409,ERT549983,ERECT,Erect/New Construction,1300000.0,Multi,South Boston
410,ERT566014,SD,Erect/New Construction,4000000.0,Mixed,South Boston
411,ERT591704,ERECT,Erect/New Construction,1200000.0,Multi,South Boston
412,ERT591704,ERECT,Erect/New Construction,1200000.0,Multi,South Boston
413,ERT606497,ERECT,Erect/New Construction,2900000.0,Comm,South Boston
414,ERT606497,ERECT,Erect/New Construction,2900000.0,Comm,South Boston
415,ERT618507,ERECT,Erect/New Construction,2200000.0,Multi,South Boston
416,ERT653167,ERECT,Erect/New Construction,1446330.0,Comm,South Boston
417,ERT685375,ERECT,Erect/New Construction,0.0,Comm,South Boston
418,ERT709918,ERECT,Erect/New Construction,94906000.0,Comm,South Boston
419,ERT757011,ERECT,Erect/New Construction,2221200.0,Multi,South Boston
420,ERT76820,NEWCON,Erect/New Construction,58350000.0,Multi,Boston
421,ERT771694,ERECT,Erect/New Construction,960000.0,Comm,South Boston
422,ERT803385,ERECT,Erect/New Construction,1400000.0,Multi,South Boston
423,ERT803385,ERECT,Erect/New Construction,1400000.0,Multi,South Boston
424,ERT863440,ERECT,Erect/New Construction,352250.0,1-2FAM,South Boston
425,ERT87364,ERECT,Erect/New Construction,1250000.0,Multi,South Boston
426,ERT87364,ERECT,Erect/New Construction,1250000.0,Multi,South Boston
427,ERT873651,ERECT,Erect/New Construction,1889550.0,1-2FAM,South Boston
428,ERT890948,ERECT,Erect/New Construction,600000.0,1-3FAM,South Boston
429,ERT911321,ERECT,Erect/New Construction,2733800.0,Multi,South Boston
430,ERT917352,ERECT,Erect/New Construction,1900000.0,Multi,South Boston
431,ERT917352,ERECT,Erect/New Construction,1900000.0,Multi,South Boston
432,ERT106828,ERECT,Erect/New Construction,120000.0,1-2FAM,Hyde Park
433,ERT125350,ERECT,Erect/New Construction,175000.0,1Unit,Hyde Park
434,ERT132974,ERECT,Erect/New Construction,200000.0,1-2FAM,Hyde Park
435,ERT162154,NEWCON,Erect/New Construction,150000.0,1-2FAM,Hyde Park
436,ERT171678,NEWCON,Erect/New Construction,145000.0,1-2FAM,Hyde Park
437,ERT19892,ERECT,Erect/New Construction,150000.0,1-2FAM,Hyde Park
438,ERT213693,ERECT,Erect/New Construction,101000.0,1-2FAM,Hyde Park
439,ERT218125,NEWCON,Erect/New Construction,250000.0,1-2FAM,Hyde Park
440,ERT233953,ERECT,Erect/New Construction,100000.0,1-2FAM,Hyde Park
441,ERT233956,ERECT,Erect/New Construction,100000.0,1-2FAM,Hyde Park
442,ERT285190,ERECT,Erect/New Construction,109000.0,1-2FAM,Hyde Park
443,ERT296891,ERECT,Erect/New Construction,166700.0,1-2FAM,Hyde Park
444,ERT353538,ERECT,Erect/New Construction,100000.0,1-2FAM,Hyde Park
445,ERT567251,COB,Erect/New Construction,1050000.0,Other,Hyde Park
446,ERT642609,ERECT,Erect/New Construction,127900.0,1-2FAM,Hyde Park
447,ERT709255,ERECT,Erect/New Construction,170500.0,1-2FAM,Hyde Park
448,ERT86805,NEWCON,Erect/New Construction,150000.0,1-2FAM,Hyde Park
449,ERT966892,ERECT,Erect/New Construction,210000.0,1-2FAM,Hyde Park
450,ERT98131,ERECT,Erect/New Construction,155000.0,1-2FAM,Hyde Park
451,ERT753199,ERECT,Erect/New Construction,420000.0,1-2FAM,Hyde Park
452,ERT140656,ERECT,Erect/New Construction,158000.0,1-2FAM,Charlestown
453,ERT229503,ERECT,Erect/New Construction,4500000.0,Multi,Charlestown
454,ERT256214,ERECT,Erect/New Construction,100000.0,1-2FAM,Charlestown
455,ERT301914,ERECT,Erect/New Construction,550000.0,1-3FAM,Charlestown
456,ERT366141,ERECT,Erect/New Construction,310000.0,1-2FAM,Charlestown
457,ERT366154,ERECT,Erect/New Construction,500000.0,1-2FAM,Charlestown
458,ERT485092,NEWCON,Erect/New Construction,300000.0,1-2FAM,Charlestown
459,ERT549117,ERECT,Erect/New Construction,300000.0,1-2FAM,Charlestown
460,ERT681716,ERECT,Erect/New Construction,440000.0,1-2FAM,Charlestown
461,ERT439522,ERECT,Erect/New Construction,250000.0,1-2FAM,Roslindale
462,ERT814436,ERECT,Erect/New Construction,400000.0,VacLd,Roslindale
463,ERT873495,ERECT,Erect/New Construction,350190.0,1-2FAM,Roslindale
464,ERT94534,ERECT,Erect/New Construction,216000.0,1-2FAM,Roslindale
465,ERT125362, ,Erect/New Construction,405000.0, ,West Roxbury
466,ERT21979,ERECT,Erect/New Construction,170000.0,1-2FAM,West Roxbury
467,ERT244025,ERECT,Erect/New Construction,225000.0,1-2FAM,West Roxbury
468,ERT308192,ERECT,Erect/New Construction,2250000.0,Multi,West Roxbury
469,ERT445522,NEWCON,Erect/New Construction,250000.0,1-2FAM,West Roxbury
470,ERT445522,NEWCON,Erect/New Construction,250000.0,1-2FAM,West Roxbury
471,ERT463280,NEWCON,Erect/New Construction,250000.0,1-2FAM,West Roxbury
472,ERT476672,ERECT,Erect/New Construction,250000.0,1-2FAM,West Roxbury
473,ERT504424,ERECT,Erect/New Construction,265000.0,1-2FAM,West Roxbury
474,ERT521203,ERECT,Erect/New Construction,307000.0,1-2FAM,West Roxbury
475,ERT66412,NEWCON,Erect/New Construction,230000.0,1-2FAM,West Roxbury
476,ERT786021,ERECT,Erect/New Construction,2751000.0,Mixed,West Roxbury
477,ERT786021,ERECT,Erect/New Construction,2751000.0,Mixed,West Roxbury
478,ERT955335, ,Erect/New Construction,359000.0,1-2FAM,West Roxbury
479,ERT236653,ERECT,Erect/New Construction,3544823.0,Multi,Dorchester
480,ERT30211,NEWCON,Erect/New Construction,310000.0,1-3FAM,Dorchester
481,ERT487756,NEWCON,Erect/New Construction,336513.0,1-3FAM,Dorchester
482,ERT618450,ERECT,Erect/New Construction,450000.0,VacLd,Dorchester
483,ERT618469,ERECT,Erect/New Construction,450000.0,VacLd,Dorchester
484,ERT618481,ERECT,Erect/New Construction,230000.0,VacLd,Dorchester
485,ERT618491,ERECT,Erect/New Construction,235000.0,VacLd,Dorchester
486,ERT721366,ERECT,Erect/New Construction,650000.0,VacLd,Dorchester
487,ERT721370,ERECT,Erect/New Construction,650000.0,VacLd,Dorchester
488,ERT739738,ERECT,Erect/New Construction,428050.0,VacLd,Dorchester
489,ERT739743,ERECT,Erect/New Construction,275190.0,VacLd,Dorchester
490,ERT739743,ERECT,Erect/New Construction,275190.0,VacLd,Dorchester
491,ERT761013,ERECT,Erect/New Construction,800000.0,1-2FAM,Dorchester
492,ERT761013,ERECT,Erect/New Construction,800000.0,1-2FAM,Dorchester
493,ERT892826,ERECT,Erect/New Construction,1800000.0,Multi,Dorchester
494,ERT480867,ERECT,Erect/New Construction,362000.0,1-2FAM,Hyde Park
495,ERT848652,ERECT,Erect/New Construction,229655.0,1-2FAM,Hyde Park
496,ERT103091,NEWCON,Erect/New Construction,125000.0,1-2FAM,Dorchester
497,ERT312015,ERECT,Erect/New Construction,800000.0,1-3FAM,Dorchester
498,ERT359019,ERECT,Erect/New Construction,260000.0,1-2FAM,Dorchester
499,ERT499491,NEWCON,Erect/New Construction,1100000.0,Multi,Dorchester
500,ERT723248,ERECT,Erect/New Construction,998888.0,1-2FAM,Dorchester
501,ERT79526,ERECT,Erect/New Construction,128000.0,1-2FAM,Dorchester
502,ERT111201,NEWCON,Erect/New Construction,3500000.0,Mixed,Roxbury
503,ERT325123,ERECT,Erect/New Construction,497525.0,1-2FAM,Roslindale
504,ERT379786,ERECT,Erect/New Construction,250000.0,1-2FAM,Roslindale
505,ERT749105,ERECT,Erect/New Construction,410000.0,1-2FAM,Roslindale
506,ERT8779,CONVRT,Erect/New Construction,0.0, ,Roslindale
507,ERT8779,CONVRT,Erect/New Construction,0.0, ,Roslindale
508,ERT936313,ERECT,Erect/New Construction,2500000.0,Multi,Roslindale
509,ERT747811,ERECT,Erect/New Construction,0.0,Comm,Roxbury
510,ERT122221,ERECT,Erect/New Construction,250000.0,VacLd,Brighton
511,ERT309872,NEWCON,Erect/New Construction,275000.0,1-2FAM,Brighton
512,ERT589788,ERECT,Erect/New Construction,300000.0,VacLd,Brighton
513,ERT794616,ERECT,Erect/New Construction,300000.0,1-2FAM,Brighton
514,ERT148781,ERECT,Erect/New Construction,289000.0,1-2FAM,Dorchester
515,ERT156126,NEWCON,Erect/New Construction,249000.0,1-2FAM,Dorchester
516,ERT261856,NEWCON,Erect/New Construction,290000.0,1-2FAM,Dorchester
517,ERT261862,NEWCON,Erect/New Construction,292000.0,1-2FAM,Dorchester
518,ERT272688,ERECT,Erect/New Construction,200000.0,1-3FAM,Dorchester
519,ERT306811,NEWCON,Erect/New Construction,285000.0,1-2FAM,Dorchester
520,ERT338793,NEWCON,Erect/New Construction,290000.0,1-2FAM,Dorchester
521,ERT342078,ERECT,Erect/New Construction,250000.0,1-2FAM,Dorchester
522,ERT363211,NEWCON,Erect/New Construction,290000.0,1-2FAM,Dorchester
523,ERT369165,NEWCON,Erect/New Construction,3400000.0,Multi,Dorchester
524,ERT391658,ERECT,Erect/New Construction,338000.0,1-2FAM,Dorchester
525,ERT392183,ERECT,Erect/New Construction,250000.0,1-3FAM,Dorchester
526,ERT422455,ERECT,Erect/New Construction,285000.0,1-2FAM,Dorchester
527,ERT445064,NEWCON,Erect/New Construction,275000.0,1-2FAM,Dorchester
528,ERT505531,ERECT,Erect/New Construction,289000.0,1-2FAM,Dorchester
529,ERT632275,ERECT,Erect/New Construction,320000.0,VacLd,Dorchester
530,ERT632276,ERECT,Erect/New Construction,320000.0,VacLd,Dorchester
531,ERT632280,ERECT,Erect/New Construction,320000.0,VacLd,Dorchester
532,ERT669710,ERECT,Erect/New Construction,400000.0,1-2FAM,Dorchester
533,ERT672509,ERECT,Erect/New Construction,320000.0,VacLd,Dorchester
534,ERT672524,ERECT,Erect/New Construction,365000.0,VacLd,Dorchester
535,ERT672532,ERECT,Erect/New Construction,350000.0,VacLd,Dorchester
536,ERT729156,ERECT,Erect/New Construction,365000.0,VacLd,Dorchester
537,ERT727791,ERECT,Erect/New Construction,390000.0,VacLd,Dorchester
538,ERT727798,ERECT,Erect/New Construction,350000.0,VacLd,Dorchester
539,ERT727803,ERECT,Erect/New Construction,350000.0,VacLd,Dorchester
540,ERT729145,ERECT,Erect/New Construction,390000.0,VacLd,Dorchester
541,ERT729152,ERECT,Erect/New Construction,350000.0,VacLd,Dorchester
542,ERT7519,CONVRT,Erect/New Construction,0.0, ,Dorchester
543,ERT7519,CONVRT,Erect/New Construction,0.0, ,Dorchester
544,ERT760398,ERECT,Erect/New Construction,390000.0,VacLd,Dorchester
545,ERT760403,ERECT,Erect/New Construction,390000.0,VacLd,Dorchester
546,ERT793787,ERECT,Erect/New Construction,550000.0,VacLd,Dorchester
547,ERT796032,ERECT,Erect/New Construction,466000.0,1-2FAM,Dorchester
548,ERT7995,CONVRT,Erect/New Construction,0.0, ,Dorchester
549,ERT7995,CONVRT,Erect/New Construction,0.0, ,Dorchester
550,ERT803485,ERECT,Erect/New Construction,445000.0,1-2FAM,Dorchester
551,ERT8100,CONVRT,Erect/New Construction,0.0, ,Dorchester
552,ERT8100,CONVRT,Erect/New Construction,0.0, ,Dorchester
553,ERT815360,ERECT,Erect/New Construction,230000.0,1-2FAM,Dorchester
554,ERT823424,ERECT,Erect/New Construction,340000.0,VacLd,Dorchester
555,ERT827384,ERECT,Erect/New Construction,365000.0,VacLd,Dorchester
556,ERT827400,ERECT,Erect/New Construction,380000.0,VacLd,Dorchester
557,ERT827409,ERECT,Erect/New Construction,360000.0,VacLd,Dorchester
558,ERT827409,ERECT,Erect/New Construction,360000.0,VacLd,Dorchester
559,ERT839607,ERECT,Erect/New Construction,250000.0,1-2FAM,Dorchester
560,ERT839852,ERECT,Erect/New Construction,282919.0,1-2FAM,Dorchester
561,ERT841761,ERECT,Erect/New Construction,365000.0,VacLd,Dorchester
562,ERT841761,ERECT,Erect/New Construction,365000.0,VacLd,Dorchester
563,ERT8625,CONVRT,Erect/New Construction,0.0, ,Dorchester
564,ERT8625,CONVRT,Erect/New Construction,0.0, ,Dorchester
565,ERT878686,ERECT,Erect/New Construction,3400000.0,Mixed,Dorchester
566,ERT878686,ERECT,Erect/New Construction,3400000.0,Mixed,Dorchester
567,ERT9063,CONVRT,Erect/New Construction,0.0, ,Dorchester
568,ERT9063,CONVRT,Erect/New Construction,0.0, ,Dorchester
569,ERT91917,NEWCON,Erect/New Construction,250000.0,1-2FAM,Dorchester
570,ERT9257,CONVRT,Erect/New Construction,0.0, ,Dorchester
571,ERT9257,CONVRT,Erect/New Construction,0.0, ,Dorchester
572,ERT9477,CONVRT,Erect/New Construction,0.0, ,Dorchester
573,ERT9477,CONVRT,Erect/New Construction,0.0, ,Dorchester
574,ERT1017644,ERECT,Erect/New Construction,500000.0,Comm,Dorchester
575,ERT124524,CELL,Erect/New Construction,70000.0,VacLd,Dorchester
576,ERT192008,ERECT,Erect/New Construction,750000.0,Multi,Dorchester
577,ERT192008,ERECT,Erect/New Construction,750000.0,Multi,Dorchester
578,ERT199927,ERECT,Erect/New Construction,375000.0,1-3FAM,Dorchester
579,ERT307755,ERECT,Erect/New Construction,900000.0,Multi,Dorchester
580,ERT307755,ERECT,Erect/New Construction,900000.0,Multi,Dorchester
581,ERT307755,ERECT,Erect/New Construction,900000.0,Multi,Dorchester
582,ERT443131,ERECT,Erect/New Construction,1091000.0,Multi,Dorchester
583,ERT880047,ERECT,Erect/New Construction,1500000.0,1-2FAM,Dorchester
584,ERT661949,ERECT,Erect/New Construction,850000.0,1-2FAM,Dorchester
585,ERT681540,ERECT,Erect/New Construction,1000000.0,Mixed,Dorchester
586,ERT69278,ERECT,Erect/New Construction,750000.0,1-7FAM,Dorchester
587,ERT69278,ERECT,Erect/New Construction,750000.0,1-7FAM,Dorchester
588,ERT694507,ERECT,Erect/New Construction,550000.0,VacLd,Dorchester
589,ERT709912,ERECT,Erect/New Construction,0.0,1-2FAM,Dorchester
590,ERT800861,ERECT,Erect/New Construction,600000.0,1-4FAM,Dorchester
591,ERT241727,ERECT,Erect/New Construction,1000000.0,Multi,East Boston
592,ERT392856,ERECT,Erect/New Construction,650000.0,1-4FAM,East Boston
593,ERT555734,ERECT,Erect/New Construction,647750.0,1-3FAM,East Boston
594,ERT594048,ERECT,Erect/New Construction,1600000.0,Comm,East Boston
595,ERT773891,ERECT,Erect/New Construction,495000.0,VacLd,East Boston
596,ERT807322,ERECT,Erect/New Construction,1153500.0,Multi,East Boston
597,ERT818813,ERECT,Erect/New Construction,1902650.0,1-2FAM,East Boston
598,ERT935694,ERECT,Erect/New Construction,400000.0,1-4FAM,East Boston
599,ERT15907,ERECT,Erect/New Construction,358400.0,Comm,Brighton
600,ERT418436,ERECT,Erect/New Construction,4500000.0,Mixed,Brighton
601,ERT660750,ERECT,Erect/New Construction,9800000.0,Mixed,Brighton
602,ERT811312,ERECT,Erect/New Construction,1800000.0,Multi,Brighton
603,ERT876875,ERECT,Erect/New Construction,9000000.0,Comm,Allston
604,ERT901383,ERECT,Erect/New Construction,227610.0,1-2FAM,Brighton
605,ERT310603,ERECT,Erect/New Construction,2000000.0,Multi,Roxbury
606,ERT310603,ERECT,Erect/New Construction,2000000.0,Multi,Roxbury
607,ERT31375,NEWCON,Erect/New Construction,3350000.0,Multi,Roxbury
608,ERT538882,ERECT,Erect/New Construction,800000.0,Multi,Roxbury
609,ERT645903,ERECT,Erect/New Construction,150000.0,1-2FAM,Roxbury
610,ERT645912,ERECT,Erect/New Construction,150000.0,1-2FAM,Roxbury
611,ERT1018447,ERECT,Erect/New Construction,500000.0,1-3FAM,Dorchester
612,ERT113711,ERECT,Erect/New Construction,220000.0,1-2FAM,Dorchester
613,ERT128441,ERECT,Erect/New Construction,150000.0,2unit,Dorchester
614,ERT128445,ERECT,Erect/New Construction,150000.0,2unit,Dorchester
615,ERT128445,ERECT,Erect/New Construction,150000.0,2unit,Dorchester
616,ERT352819,ERECT,Erect/New Construction,300000.0,1-3FAM,Dorchester
617,ERT436695,ERECT,Erect/New Construction,425000.0,1-2FAM,Dorchester
618,ERT485088,ERECT,Erect/New Construction,350000.0,1-2FAM,Dorchester
619,ERT665781,ERECT,Erect/New Construction,1210590.0,VacLd,Dorchester
620,ERT794766,ERECT,Erect/New Construction,508712.0,VacLd,Dorchester
621,ERT833867,ERECT,Erect/New Construction,320000.0,1-2FAM,Dorchester
622,ERT84228,ERECT,Erect/New Construction,250000.0,Other,Dorchester
623,ERT84231,ERECT,Erect/New Construction,250000.0,Other,Dorchester
624,ERT84231,ERECT,Erect/New Construction,250000.0,Other,Dorchester
625,ERT132176,ERECT,Erect/New Construction,200000.0,1-2FAM,East Boston
626,ERT159380,ERECT,Erect/New Construction,1100000.0,Multi,East Boston
627,ERT159380,ERECT,Erect/New Construction,1100000.0,Multi,East Boston
628,ERT342592,ERECT,Erect/New Construction,350000.0,1-3FAM,East Boston
629,ERT342592,ERECT,Erect/New Construction,350000.0,1-3FAM,East Boston
630,ERT377377,ERECT,Erect/New Construction,380000.0,1-3FAM,East Boston
631,ERT438446,ERECT,Erect/New Construction,1200000.0,Multi,East Boston
632,ERT438446,ERECT,Erect/New Construction,1200000.0,Multi,East Boston
633,ERT441583,ERECT,Erect/New Construction,250000.0,1-2FAM,East Boston
634,ERT499195,NEWCON,Erect/New Construction,850000.0,1-2FAM,East Boston
635,ERT553456,ERECT,Erect/New Construction,1100000.0,Multi,East Boston
636,ERT553456,ERECT,Erect/New Construction,1100000.0,Multi,East Boston
637,ERT567520,ERECT,Erect/New Construction,573000.0,1-3FAM,East Boston
638,ERT567520,ERECT,Erect/New Construction,573000.0,1-3FAM,East Boston
639,ERT635237,ERECT,Erect/New Construction,300000.0,1-2FAM,East Boston
640,ERT681205,ERECT,Erect/New Construction,400000.0,1-4FAM,East Boston
641,ERT688449,ERECT,Erect/New Construction,1710000.0,Multi,East Boston
642,ERT712869,ERECT,Erect/New Construction,8244000.0,Comm,East Boston
643,ERT783462,ERECT,Erect/New Construction,719250.0,1-3FAM,East Boston
644,ERT889028,ERECT,Erect/New Construction,600000.0,1-3FAM,East Boston
645,ERT932617,ERECT,Erect/New Construction,1800000.0,Multi,East Boston
646,ERT932617,ERECT,Erect/New Construction,1800000.0,Multi,East Boston
647,ERT363920,ERECT,Erect/New Construction,280000.0,1-2FAM,Roxbury
648,ERT363920,ERECT,Erect/New Construction,280000.0,1-2FAM,Roxbury
649,ERT483252,ERECT,Erect/New Construction,400000.0,1-3FAM,Roxbury
650,ERT744407,ERECT,Erect/New Construction,1350000.0,VacLd,Roxbury
651,ERT802694,ERECT,Erect/New Construction,450000.0,VacLd,Roxbury
652,ERT894103,ERECT,Erect/New Construction,1350000.0,Multi,Roxbury
653,ERT105057,ERECT,Erect/New Construction,150000.0,1-2FAM,Dorchester
654,ERT548372,ERECT,Erect/New Construction,1060000.0,1-2FAM,Dorchester
655,ERT715575,ERECT,Erect/New Construction,550000.0,1-3FAM,Dorchester
656,ERT849712,ERECT,Erect/New Construction,600000.0,1-3FAM,Dorchester
657,ERT383198,NEWCON,Erect/New Construction,18000000.0,Mixed,Brighton
658,ERT383198,NEWCON,Erect/New Construction,18000000.0,Mixed,Brighton
659,ERT657427,ERECT,Erect/New Construction,1200000.0,Other,Brighton
660,ERT657457,ERECT,Erect/New Construction,1200000.0,VacLd,Brighton
661,ERT657471,ERECT,Erect/New Construction,11375000.0,Other,Brighton
662,ERT69946,NEWCON,Erect/New Construction,12000000.0,Multi,Brighton
663,ERT782902,ERECT,Erect/New Construction,1500000.0,Mixed,Brighton
664,ERT628432,ERECT,Erect/New Construction,308000.0,1-2FAM,Dorchester
665,ERT628444,ERECT,Erect/New Construction,308000.0,1-2FAM,Dorchester
666,ERT628462,ERECT,Erect/New Construction,308000.0,1-2FAM,Dorchester
667,ERT629980,ERECT,Erect/New Construction,280000.0,1-2FAM,Dorchester
668,ERT629984,ERECT,Erect/New Construction,300000.0,1-2FAM,Dorchester
669,ERT629993,ERECT,Erect/New Construction,300000.0,1-2FAM,Dorchester
670,ERT682959,ERECT,Erect/New Construction,350000.0,VacLd,Dorchester
671,ERT737924,ERECT,Erect/New Construction,1600000.0,Multi,Dorchester
672,ERT804659,OTHER,Erect/New Construction,9000.0,VacLd,Dorchester
673,ERT212731,ERECT,Erect/New Construction,14000000.0,Mixed,Boston
674,ERT54046,NEWCON,Erect/New Construction,38000000.0,Mixed,Boston
675,ERT569928,ERECT,Erect/New Construction,7671300.0,Mixed,Boston
676,ERT602665,ERECT,Erect/New Construction,500000.0,VacLd,Dorchester
677,ERT63101,ERECT,Erect/New Construction,953000.0,VacLd,Dorchester
678,ERT631175,ERECT,Erect/New Construction,300000.0,VacLd,Dorchester
679,ERT648352,ERECT,Erect/New Construction,204500.0,1-2FAM,Dorchester
680,ERT648363,ERECT,Erect/New Construction,204500.0,1-2FAM,Dorchester
681,ERT648370,ERECT,Erect/New Construction,204500.0,1-2FAM,Dorchester
682,ERT648370,ERECT,Erect/New Construction,204500.0,1-2FAM,Dorchester
683,ERT654954,ERECT,Erect/New Construction,204500.0,1-2FAM,Dorchester
684,ERT654969,ERECT,Erect/New Construction,204500.0,1-2FAM,Dorchester
685,ERT654969,ERECT,Erect/New Construction,204500.0,1-2FAM,Dorchester
686,ERT654969,ERECT,Erect/New Construction,204500.0,1-2FAM,Dorchester
687,ERT654978,ERECT,Erect/New Construction,204500.0,1-2FAM,Dorchester
688,ERT109009,NEWCON,Erect/New Construction,160000.0,1-2FAM,Charlestown
689,ERT120380,ERECT,Erect/New Construction,300000.0,1-2FAM,Charlestown
690,ERT278391,ERECT,Erect/New Construction,300000.0,1-3FAM,Charlestown
691,ERT464204,ERECT,Erect/New Construction,225000.0,1-2FAM,Charlestown
692,ERT499582,NEWCON,Erect/New Construction,400000.0,1-2FAM,Charlestown
693,ERT52437,ERECT,Erect/New Construction,230000.0,1-2FAM,Charlestown
694,ERT640147,ERECT,Erect/New Construction,1700000.0,1-3FAM,Charlestown
695,ERT72289,NEWCON,Erect/New Construction,220000.0,1-2FAM,Charlestown
696,ERT72289,NEWCON,Erect/New Construction,220000.0,1-2FAM,Charlestown
697,ERT788636,ERECT,Erect/New Construction,310000.0,1-2FAM,Charlestown
698,ERT794172,ERECT,Erect/New Construction,505923.0,1-2FAM,Charlestown
699,ERT829219,ERECT,Erect/New Construction,740000.0,1-2FAM,Charlestown
700,ERT605894,ERECT,Erect/New Construction,1519000.0,Multi,Roslindale
701,ERT644074,ERECT,Erect/New Construction,500000.0,1-2FAM,Roslindale
702,ERT1014515,ERECT,Erect/New Construction,380000.0,1-2FAM,West Roxbury
703,ERT217240,ERECT,Erect/New Construction,300000.0,1-2FAM,West Roxbury
704,ERT476667,NEWCON,Erect/New Construction,250000.0,1-2FAM,West Roxbury
705,ERT788328,ERECT,Erect/New Construction,150000.0,1-2FAM,West Roxbury
706,ERT792010,ERECT,Erect/New Construction,150000.0,1-2FAM,West Roxbury
707,ERT82346,COB,Erect/New Construction,540000.0,Other,West Roxbury
708,ERT152749,ERECT,Erect/New Construction,333000.0,1-2FAM,Dorchester
709,ERT234335,ERECT,Erect/New Construction,200000.0,1-3FAM,Dorchester
710,ERT632898,ERECT,Erect/New Construction,1536000.0,Multi,Dorchester
711,ERT879822,ERECT,Erect/New Construction,650000.0,1-3FAM,Dorchester
712,ERT444697,ERECT,Erect/New Construction,428000.0,1-2FAM,West Roxbury
713,ERT558343,ERECT,Erect/New Construction,1800000.0,Multi,West Roxbury
714,ERT792942,ERECT,Erect/New Construction,0.0,1-2FAM,West Roxbury
715,ERT483519,ERECT,Erect/New Construction,950000.0,Multi,Dorchester
716,ERT1075160,ERECT,Erect/New Construction,1900000.0,Multi,East Boston
717,ERT276111,ERECT,Erect/New Construction,9400000.0,Mixed,East Boston
718,ERT237513,ERECT,Erect/New Construction,150000.0,1-2FAM,East Boston
719,ERT27231,ERECT,Erect/New Construction,152570.0,1-2FAM,East Boston
720,ERT316004,NEWCON,Erect/New Construction,200445.0,1-2FAM,East Boston
721,ERT316020,NEWCON,Erect/New Construction,200445.0,1-2FAM,East Boston
722,ERT316037,NEWCON,Erect/New Construction,200445.0,1-2FAM,East Boston
723,ERT316048,NEWCON,Erect/New Construction,200445.0,1-2FAM,East Boston
724,ERT492487,ERECT,Erect/New Construction,1200000.0,Multi,East Boston
725,ERT492493,ERECT,Erect/New Construction,400000.0,1-2FAM,East Boston
726,ERT603302,ERECT,Erect/New Construction,1300000.0,1-2FAM,East Boston
727,ERT620498,ERECT,Erect/New Construction,600000.0,Multi,East Boston
728,ERT668407,ERECT,Erect/New Construction,7980000.0,Comm,East Boston
729,ERT72615,ERECT,Erect/New Construction,250000.0,1-2FAM,East Boston
730,ERT878601,ERECT,Erect/New Construction,28000000.0,Multi,East Boston
731,ERT908651,ERECT,Erect/New Construction,774350.0,Multi,East Boston
732,ERT666917,ERECT,Erect/New Construction,435000.0,1-3FAM,Dorchester
733,ERT904709,ERECT,Erect/New Construction,250000.0,1-3FAM,Dorchester
734,ERT1005194,COB,Erect/New Construction,17000000.0,Comm,Roxbury
735,ERT220708,NEWCON,Erect/New Construction,1222100.0,Multi,Roxbury
736,ERT463276,ERECT,Erect/New Construction,7100000.0,Multi,Roxbury
737,ERT463278,ERECT,Erect/New Construction,3791000.0,Multi,Roxbury
738,ERT686227,ERECT,Erect/New Construction,30000000.0,Other,Roxbury
739,ERT686227,ERECT,Erect/New Construction,30000000.0,Other,Roxbury
740,ERT689495,ERECT,Erect/New Construction,12683350.0,Mixed,Roxbury
741,ERT8080,CONVRT,Erect/New Construction,0.0, ,Roxbury
742,ERT8080,CONVRT,Erect/New Construction,0.0, ,Roxbury
743,ERT181696,ERECT,Erect/New Construction,300000.0,1-2FAM,Jamaica Plain
744,ERT859055,ERECT,Erect/New Construction,385000.0,1-2FAM,Jamaica Plain
745,ERT118342,NEWCON,Erect/New Construction,250000.0,1-3FAM,Dorchester
746,ERT199672,NEWCON,Erect/New Construction,29981000.0,Multi,Dorchester
747,ERT276716,ERECT,Erect/New Construction,400000.0,1-3FAM,Dorchester
748,ERT280749,ERECT,Erect/New Construction,250000.0,1-2FAM,Dorchester
749,ERT488622,ERECT,Erect/New Construction,1227000.0,1-4FAM,Dorchester
750,ERT734642,ERECT,Erect/New Construction,8136000.0,Comm,Dorchester
751,ERT737225,ERECT,Erect/New Construction,800000.0,1-3FAM,Dorchester
752,ERT957700,ERECT,Erect/New Construction,1260000.0,Multi,Dorchester
753,ERT119983,ERECT,Erect/New Construction,250000.0,1-2FAM,Roxbury
754,ERT119983,ERECT,Erect/New Construction,250000.0,1-2FAM,Roxbury
755,ERT240408,ERECT,Erect/New Construction,240000.0,1-2FAM,Roxbury
756,ERT299945,ERECT,Erect/New Construction,900000.0,Multi,Roxbury
757,ERT318580,ERECT,Erect/New Construction,1500000.0,Mixed,Roxbury
758,ERT48036,NEWCON,Erect/New Construction,633000.0,1-2FAM,Roxbury
759,ERT48036,NEWCON,Erect/New Construction,633000.0,1-2FAM,Roxbury
760,ERT543140,ERECT,Erect/New Construction,800000.0,Multi,Roxbury
761,ERT658289,ERECT,Erect/New Construction,750000.0,VacLd,Roxbury
762,ERT658289,ERECT,Erect/New Construction,750000.0,VacLd,Roxbury
763,ERT658295,ERECT,Erect/New Construction,750000.0,VacLd,Roxbury
764,ERT658295,ERECT,Erect/New Construction,750000.0,VacLd,Roxbury
765,ERT658297,ERECT,Erect/New Construction,750000.0,VacLd,Roxbury
766,ERT658297,ERECT,Erect/New Construction,750000.0,VacLd,Roxbury
767,ERT777276,ERECT,Erect/New Construction,500000.0,1-3FAM,Roxbury
768,ERT790199,ERECT,Erect/New Construction,350000.0,VacLd,Roxbury
769,ERT808429,ERECT,Erect/New Construction,990000.0,VacLd,Roxbury
770,ERT829585,ERECT,Erect/New Construction,750000.0,VacLd,Roxbury
771,ERT127505,ERECT,Erect/New Construction,250000.0,1-3FAM,Dorchester
772,ERT226106,ERECT,Erect/New Construction,150000.0,1-2FAM,Dorchester
773,ERT305518,ERECT,Erect/New Construction,250000.0,1-2FAM,Dorchester
774,ERT66324,NEWCON,Erect/New Construction,250000.0,1-2FAM,Dorchester
775,ERT102314,ERECT,Erect/New Construction,300000.0,1-2FAM,Jamaica Plain
776,ERT320733,ERECT,Erect/New Construction,290000.0,1-2FAM,Jamaica Plain
777,ERT405908,NEWCON,Erect/New Construction,301400.0,1-2FAM,Jamaica Plain
778,ERT487902,ERECT,Erect/New Construction,325000.0,1-2FAM,Jamaica Plain
779,ERT491779,ERECT,Erect/New Construction,350000.0,1-2FAM,Jamaica Plain
780,ERT62002,ERECT,Erect/New Construction,375000.0,1-2FAM,Jamaica Plain
781,ERT762505,ERECT,Erect/New Construction,454000.0,VacLd,Jamaica Plain
782,ERT849331,OTHER,Erect/New Construction,600000.0,VacLd,Jamaica Plain
783,ERT353336,ERECT,Erect/New Construction,800000.0,Mixed,Mattapan
784,ERT572591,ERECT,Erect/New Construction,192455.0,1-2FAM,Roslindale
785,ERT802499,ERECT,Erect/New Construction,600000.0,1-2FAM,Hyde Park
786,ERT91311,ERECT,Erect/New Construction,425000.0,1-2FAM,Hyde Park
787,ERT294188,ERECT,Erect/New Construction,425000.0,1-3FAM,Dorchester
788,ERT417797,ERECT,Erect/New Construction,1904000.0,Mixed,Dorchester
789,ERT459128,ERECT,Erect/New Construction,175000.0,1-2FAM,Dorchester
790,ERT104189,NEWCON,Erect/New Construction,300000.0,1-3FAM,Dorchester
791,ERT551163,ERECT,Erect/New Construction,598000.0,Comm,Dorchester
792,ERT896334,ERECT,Erect/New Construction,350000.0,1-2FAM,Dorchester
793,ERT116223,NEWCON,Erect/New Construction,150000.0,1-2FAM,West Roxbury
794,ERT120943,ERECT,Erect/New Construction,120000.0,1Unit,West Roxbury
795,ERT163270,NEWCON,Erect/New Construction,450000.0,Comm,West Roxbury
796,ERT353089,ERECT,Erect/New Construction,250000.0,1-2FAM,West Roxbury
797,ERT41072,ERECT,Erect/New Construction,144000.0,1-2FAM,West Roxbury
798,ERT41072,ERECT,Erect/New Construction,144000.0,1-2FAM,West Roxbury
799,ERT439492,ERECT,Erect/New Construction,200000.0,1-2FAM,West Roxbury
800,ERT527924,ERECT,Erect/New Construction,27003000.0,Comm,West Roxbury
801,ERT527924,ERECT,Erect/New Construction,27003000.0,Comm,West Roxbury
802,ERT544475,ERECT,Erect/New Construction,10530000.0,Multi,West Roxbury
803,ERT595864,ERECT,Erect/New Construction,275000.0,VacLd,West Roxbury
804,ERT657914,ERECT,Erect/New Construction,2750000.0,Comm,West Roxbury
805,ERT703558,ERECT,Erect/New Construction,3010000.0,1-2FAM,West Roxbury
806,ERT126961,ERECT,Erect/New Construction,3400000.0,Multi,Mattapan
807,ERT340016,NEWCON,Erect/New Construction,525000.0,1-3FAM,Jamaica Plain
808,ERT412852,ERECT,Erect/New Construction,500000.0,1-2FAM,Jamaica Plain
809,ERT44093,ERECT,Erect/New Construction,2880000.0,Comm,Roslindale
810,ERT612406,ERECT,Erect/New Construction,800000.0,1-3FAM,Jamaica Plain
811,ERT796445,ERECT,Erect/New Construction,902000.0,1-2FAM,Roslindale
812,ERT188960,ERECT,Erect/New Construction,175000.0,1-2FAM,Hyde Park
813,ERT450342,ERECT,Erect/New Construction,185000.0,1-2FAM,Hyde Park
814,ERT450344,ERECT,Erect/New Construction,185000.0,1-2FAM,Hyde Park
815,ERT9297,CONVRT,Erect/New Construction,0.0, ,Hyde Park
816,ERT9297,CONVRT,Erect/New Construction,0.0, ,Hyde Park
817,ERT9297,CONVRT,Erect/New Construction,0.0, ,Hyde Park
818,ERT9297,CONVRT,Erect/New Construction,0.0, ,Hyde Park
819,ERT106175,ERECT,Erect/New Construction,14500000.0,Multi,Allston
820,ERT220567,ERECT,Erect/New Construction,18411326.0,Multi,Allston
821,ERT296057,NEWCON,Erect/New Construction,400000.0,1-2FAM,Allston
822,ERT325087,NEWCON,Erect/New Construction,17119146.0,Comm,Boston
823,ERT611289,ERECT,Erect/New Construction,531845387.0,Mixed,Boston
824,ERT63770,ERECT,Erect/New Construction,90000000.0,Mixed,Boston
825,ERT78394,NEWCON,Erect/New Construction,100104000.0,Mixed,Boston
826,ERT78394,NEWCON,Erect/New Construction,100104000.0,Mixed,Boston
827,ERT860060,ERECT,Erect/New Construction,700000000.0,VacLd,Boston
828,ERT1053453,ERECT,Erect/New Construction,666000.0,1-2FAM,Roslindale
829,ERT120146,NEWCON,Erect/New Construction,256000.0,1-2FAM,Roslindale
830,ERT39568,NEWCON,Erect/New Construction,200000.0,1-2FAM,Roslindale
831,ERT564224,ERECT,Erect/New Construction,326000.0,1-2FAM,Roslindale
832,ERT693527,ERECT,Erect/New Construction,310000.0,1-2FAM,Roslindale
833,ERT108972,ERECT,Erect/New Construction,300000.0,1-2FAM,Jamaica Plain
834,ERT149987,ERECT,Erect/New Construction,450000.0,1-3FAM,Jamaica Plain
835,ERT162879,NEWCON,Erect/New Construction,702000.0,Multi,Jamaica Plain
836,ERT131190,ERECT,Erect/New Construction,300000.0,Other,Dorchester
837,ERT353219,NEWCON,Erect/New Construction,400000.0,1-3FAM,Dorchester
838,ERT437502,ERECT,Erect/New Construction,425000.0,Mixed,Dorchester
839,ERT54003,ERECT,Erect/New Construction,170000.0,1-2FAM,Dorchester
840,ERT583995,ERECT,Erect/New Construction,378560.0,VacLd,Dorchester
841,ERT623211,ERECT,Erect/New Construction,700000.0,VacLd,Dorchester
842,ERT1053313,ERECT,Erect/New Construction,41275352.0,Mixed,South Boston
843,ERT163580,NEWCON,Erect/New Construction,11000000.0,Multi,South Boston
844,ERT163584,NEWCON,Erect/New Construction,14500000.0,Multi,South Boston
845,ERT354741,ERECT,Erect/New Construction,2555000.0,Multi,South Boston
846,ERT532126,ERECT,Erect/New Construction,1375000.0,Multi,South Boston
847,ERT532126,ERECT,Erect/New Construction,1375000.0,Multi,South Boston
848,ERT8521,CONVRT,Erect/New Construction,0.0, ,South Boston
849,ERT8521,CONVRT,Erect/New Construction,0.0, ,South Boston
850,ERT937791,ERECT,Erect/New Construction,26901207.0,Mixed,South Boston
851,ERT937794,ERECT,Erect/New Construction,14367690.0,Multi,South Boston
852,ERT124383,ERECT,Erect/New Construction,150000000.0,Mixed,Boston
853,ERT135738,NEWCON,Erect/New Construction,6000000.0,Multi,Boston
854,ERT227897,NEWCON,Erect/New Construction,8887500.0,Comm,Boston
855,ERT678768,ERECT,Erect/New Construction,87000.0,Comm,Boston
856,ERT971653,COB,Erect/New Construction,95000000.0,Mixed,Boston
857,ERT288876,ERECT,Erect/New Construction,400000.0,1-2FAM,Brighton
858,ERT446101,ERECT,Erect/New Construction,14122389.0,Multi,Brighton
859,ERT452209,NEWCON,Erect/New Construction,2300000.0,Comm,Brighton
860,ERT826544,ERECT,Erect/New Construction,210000.0,VacLd,Brighton
861,ERT88303,NEWCON,Erect/New Construction,200000.0,1-2FAM,Brighton
862,ERT220379,ERECT,Erect/New Construction,20600000.0,Comm,Boston
863,ERT340679,ERECT,Erect/New Construction,0.0,Comm,Boston
864,ERT584200,ERECT,Erect/New Construction,96000000.0,Comm,Boston
865,ERT217027,NEWCON,Erect/New Construction,200000.0,1-3FAM,Mattapan
866,ERT322411,NEWCON,Erect/New Construction,250000.0,1-3FAM,Mattapan
867,ERT357878,ERECT,Erect/New Construction,15000000.0,Other,Mattapan
868,ERT357878,ERECT,Erect/New Construction,15000000.0,Other,Mattapan
869,ERT545824,OTHER,Erect/New Construction,400000.0,1-3FAM,Mattapan
870,ERT632550,ERECT,Erect/New Construction,317973.0,VacLd,Mattapan
871,ERT632554,ERECT,Erect/New Construction,322283.0,VacLd,Mattapan
872,ERT632558,ERECT,Erect/New Construction,322283.0,VacLd,Mattapan
873,ERT632567,ERECT,Erect/New Construction,442813.0,VacLd,Mattapan
874,ERT677902,ERECT,Erect/New Construction,450000.0,VacLd,Mattapan
875,ERT286303,ERECT,Erect/New Construction,10000000.0,Mixed,Boston
876,ERT64881,GARAGE,Erect/New Construction,25000.0,Other,Brighton
877,ERT418701,ERECT,Erect/New Construction,300000.0,1-2FAM,Dorchester
878,ERT691639,ERECT,Erect/New Construction,300000.0,VacLd,Dorchester
879,ERT833204,ERECT,Erect/New Construction,450000.0,1-3FAM,Dorchester
880,ERT1030574,ERECT,Erect/New Construction,250000.0,1-2FAM,Brighton
881,ERT423037,ERECT,Erect/New Construction,210000.0,1-2FAM,Brighton
882,ERT201272,ERECT,Erect/New Construction,300000.0,1-3FAM,Mattapan
883,ERT316554,ERECT,Erect/New Construction,300000.0,1-3FAM,Mattapan
884,ERT382330,ERECT,Erect/New Construction,315000.0,1-3FAM,Mattapan
885,ERT632548,ERECT,Erect/New Construction,369322.0,VacLd,Mattapan
886,ERT325829,NEWCON,Erect/New Construction,215000.0,1-2FAM,Jamaica Plain
887,ERT236643,NEWCON,Erect/New Construction,1405000.0,Multi,Dorchester
888,ERT514604,ERECT,Erect/New Construction,500000.0,1-3FAM,Dorchester
889,ERT607357,ERECT,Erect/New Construction,600000.0,1-2FAM,Dorchester
890,ERT732528,ERECT,Erect/New Construction,2000000.0,Comm,Dorchester
891,ERT732528,ERECT,Erect/New Construction,2000000.0,Comm,Dorchester
892,ERT732535,ERECT,Erect/New Construction,950000.0,Multi,Dorchester
893,ERT753144,ERECT,Erect/New Construction,4103760.0,Comm,Dorchester
894,ERT849071,ERECT,Erect/New Construction,500000.0,1-3FAM,Dorchester
895,ERT354745,NEWCON,Erect/New Construction,65000000.0,Mixed,Boston
896,ERT536891,ERECT,Erect/New Construction,205234268.0,Mixed,Boston
897,ERT779522,ERECT,Erect/New Construction,215248597.0,Comm,Boston
898,ERT432782,ERECT,Erect/New Construction,45000000.0,Mixed,Boston
899,ERT433266,ERECT,Erect/New Construction,700000.0,1-4FAM,East Boston
900,ERT763587,ERECT,Erect/New Construction,350000.0,1-2FAM,East Boston
901,ERT763587,ERECT,Erect/New Construction,350000.0,1-2FAM,East Boston
902,ERT855701,ERECT,Erect/New Construction,500000.0,1-2FAM,East Boston
903,ERT891382,ERECT,Erect/New Construction,43508822.0,Mixed,East Boston
904,ERT414840,NEWCON,Erect/New Construction,2600000.0,Multi,Boston
905,ERT147656,ERECT,Erect/New Construction,3551438.58,Multi,Boston
906,ERT397914,NEWCON,Erect/New Construction,350000.0,1-3FAM,Dorchester
907,ERT561943,COB,Erect/New Construction,300000.0,1-2FAM,Dorchester
908,ERT561961,COB,Erect/New Construction,250000.0,1-2FAM,Dorchester
909,ERT561963,COB,Erect/New Construction,250000.0,1-2FAM,Dorchester
910,ERT561966,COB,Erect/New Construction,300000.0,1-2FAM,Dorchester
911,ERT618506,ERECT,Erect/New Construction,240000.0,VacLd,Dorchester
912,ERT619026,ERECT,Erect/New Construction,240000.0,VacLd,Dorchester
913,ERT803537,ERECT,Erect/New Construction,503332.95,VacLd,Dorchester
914,ERT427398,ERECT,Erect/New Construction,6500000.0,Multi,East Boston
915,ERT667920,ERECT,Erect/New Construction,1000000.0,Multi,Dorchester
916,ERT667892,ERECT,Erect/New Construction,400000.0,1-2FAM,Dorchester
917,ERT667916,ERECT,Erect/New Construction,400000.0,1-2FAM,Dorchester
918,ERT667918,ERECT,Erect/New Construction,1000000.0,Multi,Dorchester
919,ERT1028757,ERECT,Erect/New Construction,11945.0,Other,Dorchester
920,ERT446255,ERECT,Erect/New Construction,1756500.0,Mixed,Dorchester
921,ERT529605,ERECT,Erect/New Construction,350000.0,1-2FAM,Dorchester
922,ERT55452,NEWCON,Erect/New Construction,200000.0,1-2FAM,Dorchester
923,ERT55452,NEWCON,Erect/New Construction,200000.0,1-2FAM,Dorchester
924,ERT804434,ERECT,Erect/New Construction,400000.0,VacLd,Dorchester
925,ERT476974,NEWCON,Erect/New Construction,500000.0,1-3FAM,Dorchester
926,ERT600996,ERECT,Erect/New Construction,900000.0,Comm,Dorchester
927,ERT707032,ERECT,Erect/New Construction,347477.0,1-2FAM,Hyde Park
928,ERT528722,ERECT,Erect/New Construction,1000000.0,Multi,South Boston
929,ERT173960,COB,Erect/New Construction,300000.0,Other,East Boston
930,ERT663475,ERECT,Erect/New Construction,650000.0,Multi,East Boston
931,ERT677659,ERECT,Erect/New Construction,1404000.0,Multi,East Boston
932,ERT677659,ERECT,Erect/New Construction,1404000.0,Multi,East Boston
933,ERT681285,ERECT,Erect/New Construction,506000.0,1-2FAM,East Boston
934,ERT835822,ERECT,Erect/New Construction,707000.0,1-2FAM,East Boston
935,ERT906170,ERECT,Erect/New Construction,1063499.0,Multi,East Boston
936,ERT936166,ERECT,Erect/New Construction,1500000.0,Multi,East Boston
937,ERT485268,ERECT,Erect/New Construction,450000.0,1-3FAM,Dorchester
938,ERT704503,ERECT,Erect/New Construction,750000.0,Mixed,Dorchester
939,ERT818837,ERECT,Erect/New Construction,350000.0,VacLd,Dorchester
940,ERT690730,ERECT,Erect/New Construction,800000.0,1-2FAM,Charlestown
941,ERT662457,ERECT,Erect/New Construction,700000.0,Comm,Brighton
942,ERT833960,ERECT,Erect/New Construction,300000.0,1-2FAM,Roslindale
943,ERT917537, ,Erect/New Construction,230000.0,1-2FAM,Roslindale
944,ERT987106,ERECT,Erect/New Construction,1600000.0,1-3FAM,Jamaica Plain
945,ERT652809,ERECT,Erect/New Construction,150000000.0,Mixed,Boston
946,ERT652809,ERECT,Erect/New Construction,150000000.0,Mixed,Boston
947,ERT782631,ERECT,Erect/New Construction,4700000.0,Multi,East Boston
948,ERT840663,ERECT,Erect/New Construction,4453780.0,Comm,East Boston
949,ERT924772,ERECT,Erect/New Construction,1195950.0,Multi,East Boston
950,ERT1067134,ERECT,Erect/New Construction,7023271.0,Multi,Mission Hill
951,ERT1067391,ERECT,Erect/New Construction,8938709.0,Multi,Mission Hill
952,ERT27718,ERECT,Erect/New Construction,21410000.0,Comm,Mission Hill
953,ERT27718,ERECT,Erect/New Construction,21410000.0,Comm,Mission Hill
954,ERT814344,ERECT,Erect/New Construction,5492187.0,VacLd,Roxbury
955,ERT14801,ERECT,Erect/New Construction,540000.0,1-3FAM,Roxbury
956,ERT23984,NEWCON,Erect/New Construction,15605000.0,Mixed,Mattapan
957,ERT929105,ERECT,Erect/New Construction,450000.0,Multi,Mattapan
958,ERT974625,ERECT,Erect/New Construction,1086263.0,1-4FAM,Mattapan
959,ERT338390,ERECT,Erect/New Construction,200000.0,1-3FAM,Roslindale
960,ERT525461,ERECT,Erect/New Construction,2500000.0,Mixed,Mission Hill
961,ERT580730,ERECT,Erect/New Construction,4000000.0,Comm,Dorchester
962,ERT703609,ERECT,Erect/New Construction,6338911.0,Mixed,Boston
963,ERT716802,ERECT,Erect/New Construction,1200000.0,1-4FAM,Boston
964,ERT72626,NEWCON,Erect/New Construction,250000.0,1-2FAM,Charlestown
965,ERT72628,NEWCON,Erect/New Construction,250000.0,1-2FAM,Charlestown
966,ERT792599,ERECT,Erect/New Construction,5000000.0,1-3FAM,Mission Hill
967,ERT851815,ERECT,Erect/New Construction,508400.0,1-2FAM,Mission Hill
968,ERT9605,CONVRT,Erect/New Construction,0.0, ,Jamaica Plain
969,ERT9605,CONVRT,Erect/New Construction,0.0, ,Jamaica Plain
970,ALT111696,NEWCON,Long Form/Alteration Permit,600000.0,Multi,South Boston
971,ALT23556,ERECT,Long Form/Alteration Permit,20000.0,1-3FAM,South Boston
972,ALT19339,ERECT,Long Form/Alteration Permit,15000.0,1-3FAM,South Boston
973,ALT48834,ERECT,Long Form/Alteration Permit,15000.0,1-3FAM,South Boston
974,ALT499919,ERECT,Long Form/Alteration Permit,8000.0,1-2FAM,South Boston
975,ALT315168,ERECT,Long Form/Alteration Permit,40000.0,1-4FAM,Jamaica Plain
976,ALT205259,NEWCON,Long Form/Alteration Permit,11197000.0,Other,Boston
977,ALT11844,NEWCON,Long Form/Alteration Permit,8000.0,1-3FAM,Jamaica Plain
978,ALT407665,NEWCON,Long Form/Alteration Permit,7000.0,1-3FAM,South Boston
979,ALT458565,ERECT,Long Form/Alteration Permit,22306350.0,Multi,Roxbury
980,ALT45618,NEWCON,Long Form/Alteration Permit,8000.0,1-2FAM,Roxbury
981,ALT104333,NEWCON,Long Form/Alteration Permit,251972.0,Other,Boston
982,ALT104333,NEWCON,Long Form/Alteration Permit,251972.0,Other,Boston
983,ALT104333,NEWCON,Long Form/Alteration Permit,251972.0,Other,Boston
984,ALT104333,NEWCON,Long Form/Alteration Permit,251972.0,Other,Boston
985,ALT446072,ERECT,Long Form/Alteration Permit,3000.0,Mixed,Boston
986,ALT48788,NEWCON,Long Form/Alteration Permit,1.0,1-3FAM,South Boston
987,ALT69916,ERECT,Long Form/Alteration Permit,5000.0,1-3FAM,South Boston
988,ALT567515,NEWCON,Long Form/Alteration Permit,50768600.0,VacLd,Dorchester
989,ALT48348,ERECT,Long Form/Alteration Permit,5000.0,1-2FAM,South Boston
990,ALT90395,NEWCON,Long Form/Alteration Permit,12500.0,1-2FAM,Roslindale
991,ALT114683,NEWCON,Long Form/Alteration Permit,306500.0,Comm,Boston
992,ALT114683,NEWCON,Long Form/Alteration Permit,306500.0,Comm,Boston
993,ALT862229,ERECT,Long Form/Alteration Permit,647065.0,Mixed,Boston
994,ALT116609,ERECT,Long Form/Alteration Permit,13300.0,1-2FAM,West Roxbury
995,ALT36738,NEWCON,Long Form/Alteration Permit,15420.0,1-2FAM,Roslindale
996,ALT11780,ERECT,Long Form/Alteration Permit,4000.0,1-2FAM,East Boston
997,ALT480183,NEWCON,Long Form/Alteration Permit,35000.0,1-3FAM,East Boston
998,ALT123387,NEWCON,Long Form/Alteration Permit,9999.95,1-2FAM,Dorchester
999,ALT14899,NEWCON,Long Form/Alteration Permit,3000.0,Comm,Boston
1000,ALT570665,ERECT,Long Form/Alteration Permit,25800.0,1-2FAM,Dorchester
1001,ALT17869,ERECT,Long Form/Alteration Permit,3000.0,Mixed,Dorchester
1002,ALT559244,NEWCON,Long Form/Alteration Permit,13535000.0,Comm,Dorchester
1003,ALT184543,NEWCON,Long Form/Alteration Permit,465000.0,Comm,Boston
1004,ALT195548,ERECT,Long Form/Alteration Permit,50000.0,Comm,Allston
1005,ALT37881,NEWCON,Long Form/Alteration Permit,500000.0,Other,Allston
1006,ALT195575,ERECT,Long Form/Alteration Permit,42000.0,Comm,Brighton
1007,ALT197451,NEWCON,Long Form/Alteration Permit,9000000.0,Other,East Boston
1008,ALT311768,ERECT,Long Form/Alteration Permit,14000.0,1-3FAM,East Boston
1009,ALT201555,NEWCON,Long Form/Alteration Permit,7445000.0,Comm,Dorchester
1010,ALT21339,NEWCON,Long Form/Alteration Permit,900000.0,Comm,Boston
1011,ALT316445,NEWCON,Long Form/Alteration Permit,4500000.0,1-2FAM,Boston
1012,ALT22123,NEWCON,Long Form/Alteration Permit,1400000.0,Other,Boston
1013,ALT22123,NEWCON,Long Form/Alteration Permit,1400000.0,Other,Boston
1014,ALT25010,NEWCON,Long Form/Alteration Permit,1200000.0,Comm,Boston
1015,ALT25010,NEWCON,Long Form/Alteration Permit,1200000.0,Comm,Boston
1016,ALT23004,NEWCON,Long Form/Alteration Permit,8500.0,1-2FAM,Allston
1017,ALT26220,NEWCON,Long Form/Alteration Permit,1000.0,1-2FAM,West Roxbury
1018,ALT478428,ERECT,Long Form/Alteration Permit,6000.0,1-2FAM,West Roxbury
1019,ALT28065,NEWCON,Long Form/Alteration Permit,8000.0,1-2FAM,Dorchester
1020,ALT299631,NEWCON,Long Form/Alteration Permit,60200.0,1-2FAM,Brighton
1021,ALT303206,ERECT,Long Form/Alteration Permit,21000.0,1-3FAM,Hyde Park
1022,ALT314826,ERECT,Long Form/Alteration Permit,3500.0,1-2FAM,Brighton
1023,ALT44709,ERECT,Long Form/Alteration Permit,10000.0,1-2FAM,Brighton
1024,ALT318251,NEWCON,Long Form/Alteration Permit,54250.0,Multi,Boston
1025,ALT323254,NEWCON,Long Form/Alteration Permit,350000.0,Comm,Roxbury
1026,ALT543370,NEWCON,Long Form/Alteration Permit,5592939.0,Comm,Roxbury
1027,ALT323617,ERECT,Long Form/Alteration Permit,108000.0,Comm,Boston
1028,ALT34032,ERECT,Long Form/Alteration Permit,9000.0,Mixed,South Boston
1029,ALT41529,NEWCON,Long Form/Alteration Permit,8000.0,Mixed,South Boston
1030,ALT349121,ERECT,Long Form/Alteration Permit,1000.0,1-2FAM,Hyde Park
1031,ALT374723,NEWCON,Long Form/Alteration Permit,5000.0,1-2FAM,Hyde Park
1032,ALT44837,ERECT,Long Form/Alteration Permit,68000.0,Other,Hyde Park
1033,ALT466837,NEWCON,Long Form/Alteration Permit,98800.0,1-2FAM,Charlestown
1034,ALT516693,NEWCON,Long Form/Alteration Permit,15600.0,1-2FAM,Roslindale
1035,ALT527176,ERECT,Long Form/Alteration Permit,0.0,1-2FAM,West Roxbury
1036,ALT837584,ERECT,Long Form/Alteration Permit,15800.0,1-2FAM,West Roxbury
1037,ALT52945,ERECT,Long Form/Alteration Permit,23100.0,1-4FAM,Dorchester
1038,ALT55085,NEWCON,Long Form/Alteration Permit,3000000.0,Comm,Hyde Park
1039,ALT621662,ERECT,Long Form/Alteration Permit,110000.0,1-2FAM,Dorchester
1040,ALT68293,ERECT,Long Form/Alteration Permit,100000.0,VacLd,Boston
1041,ALT684516,ERECT,Long Form/Alteration Permit,21500.0,1-3FAM,Roxbury
1042,A1048,ERECT,Amendment to a Long Form,0.0,Mixed,Mission Hill
1043,A21302,NEWCON,Amendment to a Long Form,15000.0,Mixed,Mission Hill
1044,A121115,ERECT,Amendment to a Long Form,0.0,Comm,West Roxbury
1045,A121135,ERECT,Amendment to a Long Form,12000.0,1-2FAM,South Boston
1046,A241535,NEWCON,Amendment to a Long Form,1000.0,Multi,South Boston
1047,A524079,NEWCON,Amendment to a Long Form,5000.0,1-3FAM,South Boston
1048,A176767,NEWCON,Amendment to a Long Form,0.0,Mixed,Roslindale
1049,A18115,NEWCON,Amendment to a Long Form,625000.0,Other,Boston
1050,A20454,NEWCON,Amendment to a Long Form,3000.0,1-2FAM,Roxbury
1051,A198732,ERECT,Amendment to a Long Form,0.0,1-4FAM,East Boston
1052,A198733,ERECT,Amendment to a Long Form,0.0,1-4FAM,East Boston
1053,A198734,ERECT,Amendment to a Long Form,0.0,1-4FAM,East Boston
1054,A326370,NEWCON,Amendment to a Long Form,0.0,Multi,East Boston
1055,A326373,NEWCON,Amendment to a Long Form,0.0,Multi,East Boston
1056,A247579,NEWCON,Amendment to a Long Form,0.0,1-3FAM,Mission Hill
1057,A275267,NEWCON,Amendment to a Long Form,3000.0,1-2FAM,South Boston
1058,A81312,NEWCON,Amendment to a Long Form,0.0,1-2FAM,South Boston
1059,A301034,NEWCON,Amendment to a Long Form,500.0,1-3FAM,Jamaica Plain
1060,A314474,NEWCON,Amendment to a Long Form,2500.0,Comm,Boston
1061,A319346,NEWCON,Amendment to a Long Form,0.0,Multi,Dorchester
1062,A319357,NEWCON,Amendment to a Long Form,0.0,Multi,Dorchester
1063,A319360,NEWCON,Amendment to a Long Form,0.0,Multi,Dorchester
1064,A350611,ERECT,Amendment to a Long Form,0.0,1-2FAM,Jamaica Plain
1065,A366263,NEWCON,Amendment to a Long Form,200000.0,Comm,Roxbury
1066,A405238,ERECT,Amendment to a Long Form,0.0,1-4FAM,South Boston
1067,A409007,ERECT,Amendment to a Long Form,0.0,1-3FAM,Jamaica Plain
1068,A425659,NEWCON,Amendment to a Long Form,0.0,1-2FAM,Jamaica Plain
1069,A418948,NEWCON,Amendment to a Long Form,0.0,Multi,Dorchester
1070,A432103,ERECT,Amendment to a Long Form,30000.0,Other,Roxbury
1071,A443896,ERECT,Amendment to a Long Form,0.0,Mixed,Boston
1072,A451389,NEWCON,Amendment to a Long Form,3000.0,1-2FAM,Roxbury
1073,A466463,NEWCON,Amendment to a Long Form,166504.0,1-2FAM,Roxbury
1074,A461820,ERECT,Amendment to a Long Form,20000.0,Mixed,Boston
1075,A47611,NEWCON,Amendment to a Long Form,0.0,1-2FAM,Roxbury
1076,A47645,NEWCON,Amendment to a Long Form,0.0,Multi,Roxbury
1077,A497960,ERECT,Amendment to a Long Form,0.0,1-2FAM,South Boston
1078,A63602,NEWCON,Amendment to a Long Form,16500.0,1-3FAM,South Boston
1079,A501321,ERECT,Amendment to a Long Form,1000.0,1-2FAM,South Boston
1080,A523162,ERECT,Amendment to a Long Form,0.0,Multi,Dorchester
1081,A602731,ERECT,Amendment to a Long Form,0.0,Multi,Boston
1082,A66078,NEWCON,Amendment to a Long Form,0.0,Comm,Roxbury
1083,A70188,NEWCON,Amendment to a Long Form,0.0,Comm,Roxbury
1084,A69771,NEWCON,Amendment to a Long Form,0.0,Other,Dorchester
1085,A86374,NEWCON,Amendment to a Long Form,0.0,1-3FAM,East Boston
1086,A86376,NEWCON,Amendment to a Long Form,0.0,1-3FAM,East Boston
1087,A86377,NEWCON,Amendment to a Long Form,0.0,1-3FAM,East Boston
1088,A87175,NEWCON,Amendment to a Long Form,0.0,1-4FAM,South Boston
1089,A89928,NEWCON,Amendment to a Long Form,1000.0,1-2FAM,Roslindale
